index t,Blocked charging ,Blocked discharging ,Nb,PV2G,P_difference,P_difference_left,Size,TotalParticipation needed,alpha ,critical ,driving ,free cars,parked 
2013-06-01,563.0,0.0,2694.0,592.68,-543.571526,-543.571526,2694.0,29634.0,11.0,0.0,0.0,0.0,2694.0
2013-06-01 00:15:00,12496.0,282.0,29352.0,1174.08,-598.6593479499999,-598.6593479499999,29634.0,58986.0,2.0,0.0,0.0,0.0,29634.0
2013-06-01 00:30:00,20634.0,568.0,32523.0,650.46,-650.4477899000002,-650.4477899000002,58986.0,33091.0,1.0,0.0,0.0,25895.0,58986.0
2013-06-01 00:45:00,10264.0,567.0,35287.0,705.74,-705.6884318499997,-705.7384318499999,58986.0,35855.0,1.0,1.0,0.0,23131.0,58986.0
2013-06-01 01:00:00,2604.0,567.0,37944.0,758.88,-758.8786338,-758.8786338,58986.0,38686.0,1.0,0.0,175.0,20300.0,58811.0
2013-06-01 01:15:00,0.0,566.0,39865.0,797.3,-797.23569775,-797.2856977499997,58986.0,40651.0,1.0,1.0,219.0,18335.0,58767.0
2013-06-01 01:30:00,1.0,564.0,41418.0,828.36,-828.2598617000001,-828.3598617,58986.0,42225.0,1.0,2.0,241.0,16761.0,58745.0
2013-06-01 01:45:00,0.0,564.0,43532.0,870.64,-870.63450565,-870.63450565,58986.0,44314.0,1.0,0.0,218.0,14672.0,58768.0
2013-06-01 02:00:00,0.0,563.0,45679.0,913.58,-913.5179495999997,-913.5679495999997,58986.0,46374.0,1.0,1.0,131.0,12612.0,58855.0
2013-06-01 02:15:00,0.0,563.0,46393.0,927.86,-927.84788405,-927.84788405,58986.0,47064.0,1.0,0.0,108.0,11922.0,58878.0
2013-06-01 02:30:00,0.0,563.0,47130.0,942.6,-942.5821785,-942.5821785,58986.0,47869.0,1.0,0.0,176.0,11117.0,58810.0
2013-06-01 02:45:00,0.0,562.0,47982.0,959.64,-959.57419295,-959.62419295,58986.0,48633.0,1.0,1.0,88.0,10353.0,58898.0
2013-06-01 03:00:00,0.0,562.0,48952.0,979.04,-979.0208073999999,-979.0208073999999,58986.0,49580.0,1.0,0.0,66.0,9406.0,58920.0
2013-06-01 03:15:00,0.0,561.0,48629.0,972.58,-972.5231238,-972.5731238,58986.0,49278.0,1.0,1.0,87.0,9708.0,58899.0
2013-06-01 03:30:00,0.0,561.0,48661.0,973.22,-973.0668402,-973.2168402,58986.0,49333.0,1.0,3.0,108.0,9653.0,58878.0
2013-06-01 03:45:00,0.0,35019.0,23684.0,1421.04,-963.2760565999997,-971.9760565999997,58986.0,106354.0,3.0,174.0,109.0,0.0,58877.0
2013-06-01 04:00:00,21029.0,58442.0,47494.0,1899.76,-962.508273,-964.8082730000001,106354.0,153848.0,2.0,46.0,372.0,0.0,105982.0
2013-06-01 04:15:00,33844.0,58347.0,48500.0,970.0,-954.9933842499997,-969.9933842499997,153848.0,107434.0,1.0,300.0,287.0,46414.0,153561.0
2013-06-01 04:30:00,17053.0,58283.0,47857.0,957.14,-952.7858355,-957.1358355,153848.0,107226.0,1.0,87.0,999.0,46622.0,152849.0
2013-06-01 04:45:00,4220.0,57889.0,48387.0,967.74,-948.02342675,-967.72342675,153848.0,107685.0,1.0,394.0,1015.0,46163.0,152833.0
2013-06-01 05:00:00,45.0,57428.0,48379.0,967.58,-944.473958,-967.5739580000001,153848.0,107752.0,1.0,462.0,1483.0,46096.0,152365.0
2013-06-01 05:15:00,7.0,56740.0,49424.0,988.48,-954.0763308500003,-988.4763308500003,153848.0,109583.0,1.0,688.0,2731.0,44265.0,151117.0
2013-06-01 05:30:00,6.0,56280.0,49318.0,986.36,-963.3523037,-986.3523037,153848.0,110059.0,1.0,460.0,4001.0,43789.0,149847.0
2013-06-01 05:45:00,0.0,54858.0,52265.0,1045.3,-974.19789655,-1045.29789655,153848.0,112235.0,1.0,1422.0,3690.0,41613.0,150158.0
2013-06-01 06:00:00,6.0,54333.0,50528.0,1010.56,-984.2928893999997,-1010.5428893999997,153848.0,111175.0,1.0,525.0,5789.0,42673.0,148059.0
2013-06-01 06:15:00,0.0,52292.0,55204.0,1104.08,-1001.2111903500003,-1104.0611903500003,153848.0,115291.0,1.0,2057.0,5738.0,38557.0,148110.0
2013-06-01 06:30:00,0.0,50825.0,54308.0,1086.16,-1012.8059912999997,-1086.1559913,153848.0,115950.0,1.0,1467.0,9350.0,37898.0,144498.0
2013-06-01 06:45:00,0.0,47718.0,59265.0,1185.3,-1029.8346922499998,-1185.2846922499998,153848.0,120560.0,1.0,3109.0,10468.0,33288.0,143380.0
2013-06-01 07:00:00,0.0,45687.0,57274.0,1145.48,-1043.9155532,-1145.4655532,153848.0,120340.0,1.0,2031.0,15348.0,33508.0,138500.0
2013-06-01 07:15:00,0.0,42144.0,59309.0,1186.18,-1009.0128912999999,-1186.1628913,153848.0,121578.0,1.0,3543.0,16582.0,32270.0,137266.0
2013-06-01 07:30:00,0.0,39846.0,54448.0,1088.96,-974.0475493999999,-1088.9475494,153848.0,116648.0,1.0,2298.0,20056.0,37200.0,133792.0
2013-06-01 07:45:00,0.0,36390.0,56018.0,1120.36,-944.9467475,-1120.3467475,153848.0,116283.0,1.0,3508.0,20367.0,37565.0,133481.0
2013-06-01 08:00:00,0.0,34549.0,49241.0,984.82,-889.7602056,-984.8102056,153848.0,107128.0,1.0,1901.0,21437.0,46720.0,132411.0
2013-06-01 08:15:00,0.0,32137.0,51650.0,1033.0,-877.9363374999997,-1032.9863374999998,153848.0,105598.0,1.0,3101.0,18710.0,48250.0,135138.0
2013-06-01 08:30:00,0.0,53339.0,48970.0,979.4,-859.3329293999999,-979.3829294,153848.0,123094.0,1.0,2401.0,18384.0,30754.0,135464.0
2013-06-01 08:45:00,0.0,89084.0,43235.0,1729.4,-838.7000413000003,-1132.1000413000004,153848.0,197083.0,2.0,5868.0,15661.0,0.0,138187.0
2013-06-01 09:00:00,18783.0,125083.0,50524.0,1010.48,-814.2798932,-1010.4798932,197083.0,195122.0,1.0,3924.0,15591.0,1961.0,181492.0
2013-06-01 09:15:00,11229.0,125748.0,52236.0,2089.44,-861.2633246500003,-1116.3633246500003,197083.0,249319.0,2.0,5102.0,13997.0,0.0,183086.0
2013-06-01 09:30:00,26405.0,128906.0,53558.0,1071.16,-899.9984761,-1071.1484761,249319.0,201549.0,1.0,3423.0,15662.0,47770.0,233657.0
2013-06-01 09:45:00,13795.0,123087.0,62895.0,1257.9,-943.99646755,-1257.89646755,249319.0,208297.0,1.0,6278.0,16037.0,41022.0,233282.0
2013-06-01 10:00:00,4892.0,121093.0,54950.0,1099.0,-991.6486190000003,-1098.9986190000004,249319.0,198353.0,1.0,2147.0,20163.0,50966.0,229156.0
2013-06-01 10:15:00,418.0,117592.0,60849.0,1216.98,-1037.41240855,-1216.96240855,249319.0,197911.0,1.0,3591.0,15879.0,51408.0,233440.0
2013-06-01 10:30:00,104.0,115591.0,59483.0,1189.66,-1084.0942581000004,-1189.6442581000006,249319.0,193905.0,1.0,2111.0,16720.0,55414.0,232599.0
2013-06-01 10:45:00,41.0,110887.0,68450.0,1369.0,-1128.44728765,-1368.99728765,249319.0,198613.0,1.0,4811.0,14465.0,50706.0,234854.0
2013-06-01 11:00:00,6.0,108751.0,64372.0,1287.44,-1179.1325572,-1287.4325572,249319.0,193947.0,1.0,2166.0,18658.0,55372.0,230661.0
2013-06-01 11:15:00,0.0,105844.0,67196.0,1343.92,-1192.6655892499996,-1343.9155892499996,249319.0,192041.0,1.0,3025.0,15976.0,57278.0,233343.0
2013-06-01 11:30:00,1.0,104110.0,64608.0,1292.16,-1202.2011612999995,-1292.1511612999998,249319.0,188215.0,1.0,1799.0,17698.0,61104.0,231621.0
2013-06-01 11:45:00,0.0,100207.0,71109.0,1422.18,-1222.47381335,-1422.17381335,249319.0,193186.0,1.0,3994.0,17876.0,56133.0,231443.0
2013-06-01 12:00:00,0.0,98908.0,65323.0,1306.46,-1237.9061854,-1306.4561854,249319.0,185491.0,1.0,1371.0,19889.0,63828.0,229430.0
2013-06-01 12:15:00,0.0,96491.0,67551.0,1351.02,-1227.40268965,-1351.00268965,249319.0,183837.0,1.0,2472.0,17323.0,65482.0,231996.0
2013-06-01 12:30:00,0.0,95338.0,63425.0,1268.5,-1209.0824939000001,-1268.4824939,249319.0,177241.0,1.0,1188.0,17290.0,72078.0,232029.0
2013-06-01 12:45:00,0.0,92137.0,68327.0,1366.54,-1189.0304981500005,-1366.5304981500005,249319.0,178476.0,1.0,3550.0,14462.0,70843.0,234857.0
2013-06-01 13:00:00,0.0,110647.0,66315.0,1326.3,-1168.9806024,-1326.2806024000001,249319.0,196722.0,1.0,3146.0,16614.0,52597.0,232705.0
2013-06-01 13:15:00,0.0,162430.0,63094.0,2523.76,-1122.7788585,-1492.1288585000002,249319.0,312413.0,2.0,7387.0,16408.0,0.0,232911.0
2013-06-01 13:30:00,27479.0,214471.0,70563.0,2822.52,-1071.2103146,-1453.6603146,312413.0,382976.0,2.0,7649.0,19730.0,0.0,292683.0
2013-06-01 13:45:00,45932.0,207920.0,87045.0,1740.9,-1018.4337107000001,-1740.8837107000006,382976.0,335286.0,1.0,14449.0,25872.0,47690.0,357104.0
2013-06-01 14:00:00,23351.0,203015.0,63829.0,1276.58,-971.3161667999999,-1276.5661668,382976.0,311376.0,1.0,6105.0,38427.0,71600.0,344549.0
2013-06-01 14:15:00,6901.0,192014.0,75206.0,1504.12,-933.05396705,-1504.10396705,382976.0,317036.0,1.0,11421.0,38395.0,65940.0,344581.0
2013-06-01 14:30:00,985.0,184291.0,64600.0,1292.0,-896.4840073000001,-1291.9840072999998,382976.0,302651.0,1.0,7910.0,45850.0,80325.0,337126.0
2013-06-01 14:45:00,440.0,168555.0,82853.0,1657.06,-859.8995275500004,-1657.0495275500002,382976.0,310750.0,1.0,15943.0,43399.0,72226.0,339577.0
2013-06-01 15:00:00,198.0,162236.0,57256.0,1145.12,-825.9171878000003,-1145.1171877999998,382976.0,285062.0,1.0,6384.0,59186.0,97914.0,323790.0
2013-06-01 15:15:00,37.0,152110.0,67506.0,1350.12,-836.56621625,-1350.11621625,382976.0,280128.0,1.0,10271.0,50241.0,102848.0,332735.0
2013-06-01 15:30:00,40.0,148665.0,51686.0,1033.72,-856.5634846999997,-1033.7134846999998,382976.0,254004.0,1.0,3543.0,50110.0,128972.0,332866.0
2013-06-01 15:45:00,6.0,135748.0,76728.0,1534.56,-881.30057315,-1534.55057315,382976.0,264779.0,1.0,13065.0,39238.0,118197.0,343738.0
2013-06-01 16:00:00,9.0,131989.0,53576.0,1071.52,-881.7142616000003,-1071.5142616000003,382976.0,237862.0,1.0,3796.0,48501.0,145114.0,334475.0
2013-06-01 16:15:00,0.0,124312.0,64714.0,1294.28,-904.8296112,-1294.2796112,382976.0,241360.0,1.0,7789.0,44545.0,141616.0,338431.0
2013-06-01 16:30:00,0.0,119109.0,59591.0,1191.82,-927.9135207999999,-1191.8135208,382976.0,227448.0,1.0,5278.0,43470.0,155528.0,339506.0
2013-06-01 16:45:00,0.0,107321.0,77528.0,1550.56,-950.1969504000001,-1550.5469504000002,382976.0,240318.0,1.0,12007.0,43462.0,142658.0,339514.0
2013-06-01 17:00:00,0.0,102555.0,60955.0,1219.1,-975.33234,-1219.08234,382976.0,220673.0,1.0,4875.0,52288.0,162303.0,330688.0
2013-06-01 17:15:00,0.0,93414.0,72995.0,1459.9,-993.7937731,-1459.8937731,382976.0,226672.0,1.0,9322.0,50941.0,156304.0,332035.0
2013-06-01 17:30:00,0.0,89710.0,60333.0,1206.66,-1011.2022462,-1206.6522462,382976.0,206701.0,1.0,3909.0,52749.0,176275.0,330227.0
2013-06-01 17:45:00,0.0,81964.0,71033.0,1420.66,-1026.7558593,-1420.6558593,382976.0,207578.0,1.0,7878.0,46703.0,175398.0,336273.0
2013-06-01 18:00:00,0.0,77216.0,64800.0,1296.0,-1045.2823524,-1295.9823524,382976.0,193587.0,1.0,5014.0,46557.0,189389.0,336419.0
2013-06-01 18:15:00,0.0,71975.0,67076.0,1341.52,-1038.6586434,-1341.5086434,382976.0,188220.0,1.0,6057.0,43112.0,194756.0,339864.0
2013-06-01 18:30:00,0.0,70292.0,57536.0,1150.72,-1038.0694544,-1150.7194544,382976.0,169515.0,1.0,2253.0,39434.0,213461.0,343542.0
2013-06-01 18:45:00,0.0,64552.0,75360.0,1507.2,-1053.6888454,-1507.1888454000002,382976.0,180135.0,1.0,9070.0,31153.0,202841.0,351823.0
2013-06-01 19:00:00,0.0,121072.0,66321.0,1326.42,-1056.2135964,-1326.4135964000004,382976.0,225121.0,1.0,5404.0,32324.0,157855.0,350652.0
2013-06-01 19:15:00,0.0,175570.0,71061.0,1421.22,-1057.8516536000004,-1421.2016536,382976.0,281642.0,1.0,7267.0,27744.0,101334.0,355232.0
2013-06-01 19:30:00,0.0,236511.0,68403.0,1368.06,-1059.1554508,-1368.0554508,382976.0,334118.0,1.0,6178.0,23026.0,48858.0,359950.0
2013-06-01 19:45:00,0.0,289525.0,62379.0,2495.16,-1067.9668880000004,-1552.5668880000005,382976.0,445355.0,2.0,9692.0,21380.0,0.0,361596.0
2013-06-01 20:00:00,27526.0,339923.0,66709.0,1334.18,-1071.8260852,-1334.1760851999998,445355.0,433965.0,1.0,5247.0,22086.0,11390.0,423269.0
2013-06-01 20:15:00,16421.0,333440.0,72195.0,1443.9,-1066.2349200499998,-1443.88492005,445355.0,432912.0,1.0,7553.0,19724.0,12443.0,425631.0
2013-06-01 20:30:00,5559.0,330381.0,61400.0,1228.0,-1063.3333549000001,-1227.9833549,445355.0,416518.0,1.0,3293.0,21444.0,28837.0,423911.0
2013-06-01 20:45:00,229.0,323813.0,70010.0,1400.2,-1062.43078975,-1400.18078975,445355.0,416163.0,1.0,6755.0,15585.0,29192.0,429770.0
2013-06-01 21:00:00,51.0,320414.0,61691.0,1233.82,-1058.6104646,-1233.8104646,445355.0,403157.0,1.0,3504.0,17548.0,42198.0,427807.0
2013-06-01 21:15:00,9.0,314271.0,68323.0,1366.46,-1049.5094674,-1366.4594674,445355.0,404504.0,1.0,6339.0,15571.0,40851.0,429784.0
2013-06-01 21:30:00,0.0,312616.0,56153.0,1123.06,-1039.3542102,-1123.0542102,445355.0,387249.0,1.0,1674.0,16806.0,58106.0,428549.0
2013-06-01 21:45:00,0.0,308010.0,63265.0,1265.3,-1025.231013,-1265.281013,445355.0,389880.0,1.0,4801.0,13804.0,55475.0,431551.0
2013-06-01 22:00:00,0.0,306264.0,55369.0,1107.38,-1014.0219357999999,-1107.3719357999996,445355.0,377470.0,1.0,1867.0,13970.0,67885.0,431385.0
2013-06-01 22:15:00,0.0,304229.0,54868.0,1097.36,-988.4461986,-1097.3461986,445355.0,372341.0,1.0,2178.0,11066.0,73014.0,434289.0
2013-06-01 22:30:00,0.0,303642.0,50055.0,1001.1,-964.5333814,-1001.0833814,445355.0,364602.0,1.0,731.0,10174.0,80753.0,435181.0
2013-06-01 22:45:00,0.0,318677.0,58549.0,1170.98,-940.0607842,-1170.9607842,445355.0,388682.0,1.0,4618.0,6838.0,56673.0,438517.0
2013-06-01 23:00:00,0.0,359364.0,47680.0,953.6,-924.638707,-953.588707,445355.0,417032.0,1.0,579.0,9409.0,28323.0,435946.0
2013-06-01 23:15:00,0.0,399307.0,35564.0,1422.56,-892.6375743999997,-1064.9875743999996,445355.0,480919.0,2.0,3447.0,7037.0,0.0,438318.0
2013-06-01 23:30:00,15903.0,426974.0,42254.0,1690.16,-865.8384817999997,-1089.2884817999998,480919.0,523173.0,2.0,4469.0,7222.0,0.0,473697.0
2013-06-01 23:45:00,27885.0,430314.0,41928.0,838.56,-838.5539292000003,-838.5539292000003,523173.0,481606.0,1.0,0.0,9364.0,41567.0,513809.0
2013-06-02 00:00:00,14670.0,430527.0,40571.0,811.42,-811.4160565999997,-811.4160565999997,523173.0,471098.0,1.0,0.0,0.0,52075.0,523173.0
2013-06-02 00:15:00,3855.0,430527.0,39116.0,782.32,-782.3186473999997,-782.3186473999997,523173.0,469643.0,1.0,0.0,0.0,53530.0,523173.0
2013-06-02 00:30:00,37.0,430527.0,37665.0,753.3,-753.2947581999997,-753.2947581999997,523173.0,468192.0,1.0,0.0,0.0,54981.0,523173.0
2013-06-02 00:45:00,0.0,429332.0,39243.0,784.86,-722.550209,-784.850209,523173.0,469821.0,1.0,1246.0,0.0,53352.0,523173.0
2013-06-02 01:00:00,0.0,428844.0,36125.0,722.5,-698.0346598,-722.4846597999997,523173.0,467352.0,1.0,489.0,1894.0,55821.0,521279.0
2013-06-02 01:15:00,0.0,427466.0,37508.0,750.16,-681.2439506000002,-750.1439506000003,523173.0,468754.0,1.0,1378.0,2402.0,54419.0,520771.0
2013-06-02 01:30:00,0.0,427053.0,34145.0,682.9,-662.2437814000001,-682.8937814000002,523173.0,464887.0,1.0,413.0,3276.0,58286.0,519897.0
2013-06-02 01:45:00,0.0,426649.0,33368.0,667.36,-647.1556321999999,-667.3556322000002,523173.0,463182.0,1.0,404.0,2761.0,59991.0,520412.0
2013-06-02 02:00:00,0.0,425727.0,33965.0,679.3,-633.1886229999999,-679.2886229999998,523173.0,462817.0,1.0,922.0,2203.0,60356.0,520970.0
2013-06-02 02:15:00,0.0,425119.0,34584.0,691.68,-661.2619417500001,-691.6619417500001,523173.0,462591.0,1.0,608.0,2280.0,60582.0,520893.0
2013-06-02 02:30:00,0.0,425119.0,34554.0,691.08,-691.0619004999998,-691.0619004999998,523173.0,462330.0,1.0,0.0,2657.0,60843.0,520516.0
2013-06-02 02:45:00,0.0,424445.0,37661.0,753.22,-719.5163392500001,-753.2163392500001,523173.0,464195.0,1.0,674.0,1415.0,58978.0,521758.0
2013-06-02 03:00:00,0.0,424445.0,37418.0,748.36,-748.3438779999999,-748.3438779999999,523173.0,462547.0,1.0,0.0,684.0,60626.0,522489.0
2013-06-02 03:15:00,0.0,424070.0,39374.0,787.48,-768.7213107000001,-787.4713107000001,523173.0,465141.0,1.0,375.0,1322.0,58032.0,521851.0
2013-06-02 03:30:00,0.0,423993.0,39778.0,795.56,-791.6904034,-795.5404034000003,523173.0,464991.0,1.0,77.0,1143.0,58182.0,522030.0
2013-06-02 03:45:00,0.0,423240.0,42374.0,847.48,-809.8197161,-847.4697161,523173.0,466697.0,1.0,753.0,330.0,56476.0,522843.0
2013-06-02 04:00:00,0.0,422949.0,42478.0,849.56,-834.9421687999996,-849.5421687999997,523173.0,467487.0,1.0,292.0,1768.0,55686.0,521405.0
2013-06-02 04:15:00,0.0,421033.0,46751.0,935.02,-838.2676682499997,-935.01766825,523173.0,470717.0,1.0,1935.0,998.0,52456.0,522175.0
2013-06-02 04:30:00,0.0,420384.0,43743.0,874.86,-839.8539076999997,-874.8539076999997,523173.0,468493.0,1.0,700.0,3666.0,54680.0,519507.0
2013-06-02 04:45:00,0.0,450191.0,49375.0,987.5,-847.7494671500001,-987.49946715,523173.0,505913.0,1.0,2795.0,3552.0,17260.0,519621.0
2013-06-02 05:00:00,0.0,494988.0,19357.0,1161.42,-851.1405866000003,-1076.1905866000004,523173.0,561887.0,3.0,4501.0,4327.0,0.0,518846.0
2013-06-02 05:15:00,16769.0,506286.0,39617.0,1584.68,-858.4980875000003,-1169.7480875000006,561887.0,601504.0,2.0,6225.0,9759.0,0.0,552128.0
2013-06-02 05:30:00,27161.0,503796.0,53280.0,1065.6,-868.9991284,-1065.5991284,601504.0,577003.0,1.0,3932.0,15995.0,24501.0,585509.0
2013-06-02 05:45:00,14340.0,491201.0,75871.0,1517.42,-875.4198293000003,-1517.4198293000006,601504.0,593246.0,1.0,12840.0,13334.0,8258.0,588170.0
2013-06-02 06:00:00,3833.0,486676.0,56334.0,1126.68,-893.7166901999999,-1126.6666902000004,601504.0,569751.0,1.0,4659.0,22082.0,31753.0,579422.0
2013-06-02 06:15:00,116.0,467825.0,89947.0,3597.88,-921.28237005,-1863.83237005,601504.0,691451.0,2.0,18851.0,24881.0,0.0,576623.0
2013-06-02 06:30:00,38346.0,455011.0,82159.0,1643.18,-947.8125099,-1643.1625098999998,691451.0,594829.0,1.0,13907.0,43752.0,96622.0,647699.0
2013-06-02 06:45:00,23528.0,425312.0,123204.0,2464.08,-970.62076975,-2464.07076975,691451.0,627061.0,1.0,29869.0,48676.0,64390.0,642775.0
2013-06-02 07:00:00,8187.0,404482.0,101964.0,2039.28,-997.6676695999997,-2039.2676696,691451.0,600362.0,1.0,20832.0,73084.0,91089.0,618367.0
2013-06-02 07:15:00,476.0,368038.0,143042.0,2860.84,-1038.2706346500004,-2860.82063465,691451.0,631353.0,1.0,36451.0,83822.0,60098.0,607629.0
2013-06-02 07:30:00,211.0,342668.0,117258.0,2345.16,-1076.5511197,-2345.1511196999995,691451.0,588027.0,1.0,25372.0,102729.0,103424.0,588722.0
2013-06-02 07:45:00,157.0,304526.0,150256.0,3005.12,-1095.1007647499996,-3005.1007647499996,691451.0,602272.0,1.0,38200.0,109290.0,89179.0,582161.0
2013-06-02 08:00:00,17.0,284545.0,106207.0,2124.14,-1125.0710497999999,-2124.1210498,691451.0,534147.0,1.0,19981.0,123414.0,157304.0,568037.0
2013-06-02 08:15:00,18.0,259580.0,119615.0,2392.3,-1144.0312400499995,-2392.2812400499993,691451.0,516077.0,1.0,24965.0,111917.0,175374.0,579534.0
2013-06-02 08:30:00,39.0,248866.0,84754.0,1695.08,-1157.2205103,-1695.0705103,691451.0,441114.0,1.0,10757.0,96737.0,250337.0,594714.0
2013-06-02 08:45:00,4.0,231611.0,101592.0,2031.84,-1165.67784055,-2031.82784055,691451.0,414833.0,1.0,17323.0,64307.0,276618.0,627144.0
2013-06-02 09:00:00,4.0,224579.0,76717.0,1534.34,-1180.9303707999998,-1534.3303708,691451.0,370197.0,1.0,7068.0,61833.0,321254.0,629618.0
2013-06-02 09:15:00,0.0,210829.0,93567.0,1871.34,-1174.3249626499996,-1871.3249626499994,691451.0,362131.0,1.0,13940.0,43795.0,329320.0,647656.0
2013-06-02 09:30:00,0.0,204068.0,75857.0,1517.14,-1154.9714345,-1517.1214345,691451.0,333923.0,1.0,7243.0,46755.0,357528.0,644696.0
2013-06-02 09:45:00,0.0,188048.0,99788.0,1995.76,-1148.7581463499996,-1995.7581463499994,691451.0,355570.0,1.0,16940.0,50794.0,335881.0,640657.0
2013-06-02 10:00:00,0.0,183576.0,69802.0,1396.04,-1130.7878581999996,-1396.0378581999994,691451.0,324533.0,1.0,5305.0,65850.0,366918.0,625601.0
2013-06-02 10:15:00,0.0,175363.0,81592.0,1631.84,-1095.7804669000002,-1631.8304669000001,691451.0,320195.0,1.0,10721.0,52519.0,371256.0,638932.0
2013-06-02 10:30:00,0.0,186039.0,73260.0,1465.2,-1052.8884756,-1465.1884756,691451.0,318880.0,1.0,8246.0,51335.0,372571.0,640116.0
2013-06-02 10:45:00,0.0,229551.0,108273.0,2165.46,-1000.9014443,-2165.4514443000007,691451.0,406059.0,1.0,23291.0,44944.0,285392.0,646507.0
2013-06-02 11:00:00,0.0,315808.0,79543.0,1590.86,-962.949353,-1590.8493529999994,691451.0,464954.0,1.0,12558.0,57045.0,226497.0,634406.0
2013-06-02 11:15:00,0.0,372411.0,93795.0,1875.9,-886.6444696999997,-1875.8944696999995,691451.0,532601.0,1.0,19785.0,46610.0,158850.0,644841.0
2013-06-02 11:30:00,0.0,434906.0,81146.0,1622.92,-820.5125263999997,-1622.9125264,691451.0,585281.0,1.0,16048.0,53181.0,106170.0,638270.0
2013-06-02 11:45:00,0.0,470633.0,117758.0,2355.16,-739.2503830999997,-2355.1503831,691451.0,671768.0,1.0,32318.0,51059.0,19683.0,640392.0
2013-06-02 12:00:00,0.0,553478.0,59976.0,2399.04,-670.6236398000002,-1476.6736398,691451.0,751427.0,2.0,16121.0,61876.0,0.0,629575.0
2013-06-02 12:15:00,25181.0,566730.0,83786.0,1675.72,-567.3163665,-1675.7163664999994,751427.0,734259.0,1.0,22168.0,61575.0,17168.0,689852.0
2013-06-02 12:30:00,15111.0,558414.0,51409.0,1028.18,-470.07731320000005,-1028.1773132,751427.0,688795.0,1.0,11162.0,67810.0,62632.0,683617.0
2013-06-02 12:45:00,5685.0,532002.0,87033.0,1740.66,-363.64023990000015,-1740.6402399,751427.0,710075.0,1.0,27540.0,63500.0,41352.0,687927.0
2013-06-02 13:00:00,825.0,526423.0,30530.0,610.6,-273.28510659999995,-610.5851066,751427.0,629094.0,1.0,6746.0,65395.0,122333.0,686032.0
2013-06-02 13:15:00,229.0,514125.0,44723.0,894.46,-201.4516177499999,-894.45161775,751427.0,615694.0,1.0,13860.0,42986.0,135733.0,708441.0
2013-06-02 13:30:00,36.0,503321.0,39136.0,782.72,-135.10834889999987,-782.7083488999997,751427.0,601107.0,1.0,12952.0,45698.0,150320.0,705729.0
2013-06-02 13:45:00,0.0,472449.0,85313.0,1706.26,-71.25942005000016,-1706.2594200500002,751427.0,640681.0,1.0,32700.0,50219.0,110746.0,701208.0
2013-06-02 14:00:00,1.0,464423.0,22460.0,449.2,-0.19503120000008495,-449.19503120000013,751427.0,572455.0,1.0,8980.0,76592.0,178972.0,674835.0
2013-06-02 14:15:00,1.0,437758.0,65634.0,1312.68,62.878799650000104,-1312.67120035,751427.0,605452.0,1.0,27511.0,74549.0,145975.0,676878.0
2013-06-02 14:30:00,0.0,422588.0,34934.0,698.68,118.17571050000004,-698.6742895,751427.0,565438.0,1.0,16337.0,91579.0,185989.0,659848.0
2013-06-02 14:45:00,0.0,387331.0,83836.0,1676.72,167.09168135,-1676.70831865,751427.0,597542.0,1.0,36876.0,89499.0,153885.0,661928.0
2013-06-02 15:00:00,0.0,374540.0,24715.0,494.3,220.20401220000008,-494.29598779999986,751427.0,525244.0,1.0,14290.0,111699.0,226183.0,639728.0
2013-06-02 15:15:00,0.0,348661.0,57878.0,1157.56,218.40476840000005,-1157.5452316,751427.0,532403.0,1.0,27519.0,98345.0,219024.0,653082.0
2013-06-02 15:30:00,0.0,341252.0,9386.0,187.72,207.79166459999985,-187.70833540000015,751427.0,462152.0,1.0,7910.0,103604.0,289275.0,647823.0
2013-06-02 15:45:00,0.0,311489.0,68887.0,1377.74,200.36016080000027,-1377.7398391999993,751427.0,491832.0,1.0,31562.0,79894.0,259595.0,671533.0
2013-06-02 16:00:00,0.0,304207.0,13376.0,267.52,200.73891699999984,-267.51108300000016,751427.0,420103.0,1.0,9365.0,93155.0,331324.0,658272.0
2013-06-02 16:15:00,0.0,287942.0,41618.0,832.36,187.70710945000027,-832.3428905499997,751427.0,431459.0,1.0,20401.0,81498.0,319968.0,669929.0
2013-06-02 16:30:00,0.0,277015.0,27681.0,553.62,192.89818189999968,-553.6018181000004,751427.0,404006.0,1.0,14930.0,84380.0,347421.0,667047.0
2013-06-02 16:45:00,0.0,250997.0,67095.0,1341.9,196.71471435000007,-1341.8852856499998,751427.0,435485.0,1.0,30772.0,86621.0,315942.0,664806.0
2013-06-02 17:00:00,0.0,240838.0,29571.0,591.42,211.38566679999985,-591.4143332000001,751427.0,389192.0,1.0,16056.0,102727.0,362235.0,648700.0
2013-06-02 17:15:00,0.0,225736.0,71824.0,1436.48,255.9352024,-1436.4647976,751427.0,425677.0,1.0,33848.0,94269.0,325750.0,657158.0
2013-06-02 17:30:00,0.0,263581.0,26773.0,535.46,291.6497580000003,-535.4502419999997,751427.0,411852.0,1.0,16542.0,104956.0,339575.0,646471.0
2013-06-02 17:45:00,0.0,244951.0,51181.0,1023.62,335.1320535999999,-1023.6179464000003,751427.0,421916.0,1.0,27175.0,98609.0,329511.0,652818.0
2013-06-02 18:00:00,0.0,258838.0,26852.0,537.04,364.26282919999977,-537.0371708000001,751427.0,398473.0,1.0,18026.0,94757.0,352954.0,656670.0
2013-06-02 18:15:00,0.0,241754.0,43591.0,871.82,459.78341609999984,-871.8165839000003,751427.0,397883.0,1.0,26632.0,85906.0,353544.0,665521.0
2013-06-02 18:30:00,0.0,239684.0,1169.0,23.38,534.6280830000002,-23.371916999999822,751427.0,337178.0,1.0,11160.0,85165.0,414249.0,666262.0
2013-06-02 18:45:00,0.0,215460.0,54169.0,1083.38,609.8866099000003,-1083.3633900999996,751427.0,377572.0,1.0,33865.0,74078.0,373855.0,677349.0
2013-06-02 19:00:00,0.0,207055.0,11618.0,232.36,676.0463767999997,-232.35362320000027,751427.0,327210.0,1.0,18168.0,90369.0,424217.0,661058.0
2013-06-02 19:15:00,0.0,194455.0,11379.0,227.58,681.5385982499997,-227.5614017500003,751427.0,315122.0,1.0,18182.0,91106.0,436305.0,660321.0
2013-06-02 19:30:00,0.0,187785.0,3080.0,-681.05,681.0560196999994,154.00601969999957,751427.0,84318.0,1.0,10541.0,70697.0,667109.0,680730.0
2013-06-02 19:45:00,0.0,176860.0,661.0,-670.5999999999998,670.6450411499998,33.095041149999815,751427.0,64182.0,1.0,12751.0,50770.0,687245.0,700657.0
2013-06-02 20:00:00,0.0,171908.0,4967.0,-659.2,659.2245825999997,248.37458259999968,751427.0,66002.0,1.0,8217.0,52818.0,685425.0,698609.0
2013-06-02 20:15:00,0.0,162374.0,2785.0,-710.95,710.9858057000004,139.2858057000002,751427.0,64855.0,1.0,11434.0,50636.0,686572.0,700791.0
2013-06-02 20:30:00,0.0,157712.0,9814.0,-758.75,758.7607087999997,490.71070879999985,751427.0,72622.0,1.0,5361.0,57447.0,678805.0,693980.0
2013-06-02 20:45:00,0.0,141144.0,1623.0,-795.9499999999997,795.9842719000003,81.1842719000001,751427.0,57742.0,1.0,14296.0,41823.0,693685.0,709604.0
2013-06-02 21:00:00,0.0,137091.0,10547.0,-837.1500000000003,837.1529550000004,527.3529550000003,751427.0,66284.0,1.0,6196.0,49541.0,685143.0,701886.0
2013-06-02 21:15:00,0.0,121935.0,8490.0,-876.5,876.5215487500003,424.5215487500003,751427.0,66681.0,1.0,9040.0,49151.0,684746.0,702276.0
2013-06-02 21:30:00,0.0,111951.0,14679.0,-903.05,903.0760224999999,733.9760225,751427.0,68285.0,1.0,3382.0,50224.0,683142.0,701203.0
2013-06-02 21:45:00,0.0,94625.0,10394.0,-934.85,934.86305625,519.71305625,751427.0,59552.0,1.0,8303.0,40855.0,691875.0,710572.0
2013-06-02 22:00:00,0.0,82678.0,16501.0,-963.9,963.91065,825.0606500000001,751427.0,58908.0,1.0,2777.0,39630.0,692519.0,711797.0
2013-06-02 22:15:00,0.0,64379.0,12156.0,-913.0,913.0125727499997,607.8125727499996,751427.0,53634.0,1.0,6104.0,35374.0,697793.0,716053.0
2013-06-02 22:30:00,0.0,51649.0,15521.0,-844.05,844.0675555000001,776.0675555000001,751427.0,58119.0,1.0,1360.0,41238.0,693308.0,710189.0
2013-06-02 22:45:00,0.0,35033.0,8084.0,-790.2,790.2227582500003,404.22275825000054,751427.0,50142.0,1.0,7720.0,34338.0,701285.0,717089.0
2013-06-02 23:00:00,0.0,26912.0,14138.0,-727.3,727.3182009999997,706.918201,751427.0,60999.0,1.0,408.0,46453.0,690428.0,704974.0
2013-06-02 23:15:00,0.0,12610.0,11777.0,-704.2,704.2197435000003,588.8697435000004,751427.0,38679.0,1.0,2307.0,24595.0,712748.0,726832.0
2013-06-02 23:30:00,0.0,814.0,11831.0,-673.75,673.7517859999998,591.5517859999999,751427.0,33132.0,1.0,1644.0,19657.0,718295.0,731770.0
2013-06-02 23:45:00,0.0,0.0,12867.0,-643.35,643.3627684999999,643.3627684999999,751427.0,38948.0,1.0,0.0,26081.0,712479.0,725346.0
2013-06-03 00:00:00,0.0,0.0,12355.0,-617.75,617.750071,617.750071,751427.0,12355.0,1.0,0.0,0.0,739072.0,751427.0
2013-06-03 00:15:00,0.0,0.0,14397.0,-719.85,719.8691426000003,719.8691426000003,751427.0,14397.0,1.0,0.0,0.0,737030.0,751427.0
2013-06-03 00:30:00,0.0,0.0,16177.0,-808.85,808.8739942000003,808.8739942000003,751427.0,16177.0,1.0,0.0,0.0,735250.0,751427.0
2013-06-03 00:45:00,0.0,0.0,17770.0,-902.75,902.7613857999999,888.5113858000003,751427.0,18055.0,1.0,285.0,0.0,733372.0,751427.0
2013-06-03 01:00:00,0.0,0.0,19905.0,-995.35,995.3501174,995.2501174,751427.0,25975.0,1.0,2.0,6068.0,725452.0,745359.0
2013-06-03 01:15:00,0.0,0.0,19868.0,-1019.2,1019.2171857,993.4171857,751427.0,27583.0,1.0,516.0,7199.0,723844.0,744228.0
2013-06-03 01:30:00,0.0,0.0,20583.0,-1039.35,1039.3553539999998,1029.155354,751427.0,30225.0,1.0,204.0,9438.0,721202.0,741989.0
2013-06-03 01:45:00,0.0,0.0,20664.0,-1060.7,1060.7387023000003,1033.2387023000003,751427.0,29195.0,1.0,550.0,7981.0,722232.0,743446.0
2013-06-03 02:00:00,0.0,0.0,21571.0,-1078.65,1078.6665905999996,1078.5665906000004,751427.0,28282.0,1.0,2.0,6709.0,723145.0,744718.0
2013-06-03 02:15:00,0.0,0.0,19752.0,-999.45,999.4972747000003,987.6472747000001,751427.0,25295.0,1.0,237.0,5306.0,726132.0,746121.0
2013-06-03 02:30:00,0.0,0.0,18399.0,-919.95,919.9855388,919.9855388,751427.0,26514.0,1.0,0.0,8115.0,724913.0,743312.0
2013-06-03 02:45:00,0.0,0.0,16786.0,-839.4,839.4188029000003,839.3188028999997,751427.0,20745.0,1.0,2.0,3957.0,730682.0,747470.0
2013-06-03 03:00:00,0.0,0.0,15202.0,-760.1,760.1322070000003,760.1322070000003,751427.0,16709.0,1.0,0.0,1507.0,734718.0,749920.0
2013-06-03 03:15:00,0.0,0.0,13048.0,-652.4,652.4177409499998,652.4177409499998,751427.0,15502.0,1.0,0.0,2454.0,735925.0,748973.0
2013-06-03 03:30:00,0.0,0.0,10849.0,-542.45,542.4618748999999,542.4618748999999,751427.0,13126.0,1.0,0.0,2277.0,738301.0,749150.0
2013-06-03 03:45:00,0.0,0.0,8615.0,-435.45,435.4675288500002,430.76752885000013,751427.0,9467.0,1.0,94.0,758.0,741960.0,750669.0
2013-06-03 04:00:00,0.0,0.0,6595.0,-329.75,329.75100279999987,329.75100279999987,751427.0,11529.0,1.0,0.0,4934.0,739898.0,746493.0
2013-06-03 04:15:00,0.0,0.0,4081.0,-207.75,207.79488699999985,204.09488699999986,751427.0,10093.0,1.0,74.0,5938.0,741334.0,745489.0
2013-06-03 04:30:00,0.0,0.0,1654.0,-84.85000000000002,84.85769119999986,82.70769119999986,751427.0,24809.0,1.0,43.0,23112.0,726618.0,728315.0
2013-06-03 04:45:00,0.0,0.0,2005.0,40.1,-38.684124600000004,-40.0841246,751427.0,25680.0,1.0,28.0,23647.0,725747.0,727780.0
2013-06-03 05:00:00,0.0,0.0,8164.0,163.28,-163.27058039999994,-163.27058039999994,751427.0,17708.0,1.0,0.0,9544.0,733719.0,741883.0
2013-06-03 05:15:00,0.0,0.0,13416.0,268.32,-264.95130065000006,-268.3013006500001,751427.0,32133.0,1.0,67.0,18650.0,719294.0,732777.0
2013-06-03 05:30:00,0.0,0.0,19772.0,395.44,-357.63912090000014,-395.43912090000015,751427.0,48064.0,1.0,756.0,27536.0,703363.0,723891.0
2013-06-03 05:45:00,0.0,0.0,23085.0,461.7,-448.73014114999995,-461.68014114999994,751427.0,45877.0,1.0,259.0,22533.0,705550.0,728894.0
2013-06-03 06:00:00,0.0,0.0,28443.0,568.86,-548.6040214,-568.8540214,751427.0,58214.0,1.0,405.0,29366.0,693213.0,722061.0
2013-06-03 06:15:00,0.0,0.0,27564.0,551.28,-505.36945535000024,-551.2694553500003,751427.0,55109.0,1.0,918.0,26627.0,696318.0,724800.0
2013-06-03 06:30:00,0.0,0.0,23670.0,473.4,-440.7869493,-473.38694929999997,751427.0,71663.0,1.0,652.0,47341.0,679764.0,704086.0
2013-06-03 06:45:00,0.0,0.0,21562.0,431.24,-377.07804324999984,-431.22804324999987,751427.0,74694.0,1.0,1083.0,52049.0,676733.0,699378.0
2013-06-03 07:00:00,0.0,0.0,17054.0,341.08,-315.9720172000001,-341.0720172000001,751427.0,95477.0,1.0,502.0,77921.0,655950.0,673506.0
2013-06-03 07:15:00,0.0,0.0,14288.0,285.76,-236.85826565000008,-285.7582656500001,751427.0,105190.0,1.0,978.0,89924.0,646237.0,661503.0
2013-06-03 07:30:00,0.0,0.0,8604.0,172.08,-142.32759409999997,-172.07759409999997,751427.0,118712.0,1.0,595.0,109513.0,632715.0,641914.0
2013-06-03 07:45:00,0.0,0.0,3918.0,78.36,-48.44492255000005,-78.34492255000005,751427.0,122970.0,1.0,598.0,118454.0,628457.0,632973.0
2013-06-03 08:00:00,0.0,0.0,898.0,-56.09999999999999,56.10560900000018,44.90560900000018,751427.0,135305.0,1.0,224.0,134183.0,616122.0,617244.0
2013-06-03 08:15:00,0.0,0.0,2896.0,-154.70000000000005,154.73662860000022,144.83662860000018,751427.0,126767.0,1.0,198.0,123673.0,624660.0,627754.0
2013-06-03 08:30:00,0.0,0.0,4820.0,-253.7,253.7010682,241.0010682,751427.0,113987.0,1.0,254.0,108913.0,637440.0,642514.0
2013-06-03 08:45:00,0.0,0.0,6263.0,-365.85,365.8689678000002,313.16896780000013,751427.0,80076.0,1.0,1054.0,72759.0,671351.0,678668.0
2013-06-03 09:00:00,0.0,0.0,9200.0,-479.25,479.2533874000002,460.0033874000002,751427.0,78818.0,1.0,385.0,69233.0,672609.0,682194.0
2013-06-03 09:15:00,0.0,0.0,10679.0,-547.25,547.2860436500001,533.9860436500003,751427.0,60870.0,1.0,266.0,49925.0,690557.0,701502.0
2013-06-03 09:30:00,0.0,0.0,11425.0,-621.4,621.4132999000002,571.2632999000002,751427.0,65768.0,1.0,1003.0,53340.0,685659.0,698087.0
2013-06-03 09:45:00,0.0,0.0,13870.0,-704.0,704.0187561500003,693.5187561500003,751427.0,72765.0,1.0,210.0,58685.0,678662.0,692742.0
2013-06-03 10:00:00,0.0,0.0,15402.0,-774.15,774.1732124000004,770.1232124000003,751427.0,89974.0,1.0,81.0,74491.0,661453.0,676936.0
2013-06-03 10:15:00,0.0,0.0,16600.0,-832.1,832.1481892500003,830.0481892500003,751427.0,76131.0,1.0,42.0,59489.0,675296.0,691938.0
2013-06-03 10:30:00,0.0,10.0,17498.0,-875.25,875.2888061000003,874.9388061000003,751427.0,77663.0,1.0,7.0,60158.0,673764.0,691269.0
2013-06-03 10:45:00,0.0,0.0,18522.0,-926.7,926.70090295,926.10090295,751427.0,72152.0,1.0,12.0,53618.0,679275.0,697809.0
2013-06-03 11:00:00,0.0,0.0,19311.0,-968.1,968.1385198000003,965.5885198000003,751427.0,93245.0,1.0,51.0,73883.0,658182.0,677544.0
2013-06-03 11:15:00,0.0,0.0,19647.0,-991.25,991.2859963500003,982.3859963500003,751427.0,87550.0,1.0,178.0,67725.0,663877.0,683702.0
2013-06-03 11:30:00,0.0,0.0,20317.0,-1016.65,1016.6749928999997,1015.8749928999997,751427.0,103520.0,1.0,16.0,83187.0,647907.0,668240.0
2013-06-03 11:45:00,0.0,0.0,21042.0,-1055.3,1055.34606945,1052.14606945,751427.0,93394.0,1.0,64.0,72288.0,658033.0,679139.0
2013-06-03 12:00:00,0.0,0.0,21192.0,-1059.6,1059.6161259999997,1059.6161259999997,751427.0,83068.0,1.0,0.0,61876.0,668359.0,689551.0
2013-06-03 12:15:00,0.0,0.0,21284.0,-1069.25,1069.2567814999998,1064.2067814999998,751427.0,82960.0,1.0,101.0,61575.0,668467.0,689852.0
2013-06-03 12:30:00,0.0,0.0,21774.0,-1088.7,1088.7451769999998,1088.7451769999998,751427.0,89584.0,1.0,0.0,67810.0,661843.0,683617.0
2013-06-03 12:45:00,0.0,0.0,21827.0,-1098.25,1098.2745725000002,1091.3745725,751427.0,85465.0,1.0,138.0,63500.0,665962.0,687927.0
2013-06-03 13:00:00,0.0,0.0,22046.0,-1102.3,1102.3045680000002,1102.3045680000002,751427.0,87441.0,1.0,0.0,65395.0,663986.0,686032.0
2013-06-03 13:15:00,0.0,0.0,21943.0,-1097.15,1097.1514140999998,1097.1514140999998,751427.0,64929.0,1.0,0.0,42986.0,686498.0,708441.0
2013-06-03 13:30:00,0.0,0.0,22026.0,-1101.3,1101.3216601999998,1101.3216601999998,751427.0,67724.0,1.0,0.0,45698.0,683703.0,705729.0
2013-06-03 13:45:00,0.0,0.0,21994.0,-1099.7,1099.7109063000003,1099.7109063000003,751427.0,72213.0,1.0,0.0,50219.0,679214.0,701208.0
2013-06-03 14:00:00,0.0,0.0,22094.0,-1104.7,1104.7111524,1104.7111524,751427.0,98686.0,1.0,0.0,76592.0,652741.0,674835.0
2013-06-03 14:15:00,0.0,0.0,21761.0,-1092.45,1092.45552945,1088.05552945,751427.0,96398.0,1.0,88.0,74549.0,655029.0,676878.0
2013-06-03 14:30:00,0.0,0.0,21852.0,-1092.6,1092.6241064999997,1092.6241064999997,751427.0,113431.0,1.0,0.0,91579.0,637996.0,659848.0
2013-06-03 14:45:00,0.0,0.0,21433.0,-1071.65,1071.66820355,1071.66820355,751427.0,110932.0,1.0,0.0,89499.0,640495.0,661928.0
2013-06-03 15:00:00,0.0,0.0,21498.0,-1074.9,1074.9350605999996,1074.9350605999996,751427.0,133197.0,1.0,0.0,111699.0,618230.0,639728.0
2013-06-03 15:15:00,0.0,0.0,20980.0,-1049.05,1049.0804384,1049.0304384,751427.0,119326.0,1.0,1.0,98345.0,632101.0,653082.0
2013-06-03 15:30:00,0.0,23.0,20714.0,-1035.7,1035.7427762000002,1035.7427762000002,751427.0,124318.0,1.0,0.0,103604.0,627109.0,647823.0
2013-06-03 15:45:00,0.0,0.0,20210.0,-1010.5,1010.524634,1010.524634,751427.0,100104.0,1.0,0.0,79894.0,651323.0,671533.0
2013-06-03 16:00:00,0.0,0.0,19860.0,-993.0,993.0468917999999,993.0468917999999,751427.0,113015.0,1.0,0.0,93155.0,638412.0,658272.0
2013-06-03 16:15:00,0.0,0.0,19472.0,-973.6,973.61741195,973.61741195,751427.0,100970.0,1.0,0.0,81498.0,650457.0,669929.0
2013-06-03 16:30:00,0.0,0.0,19075.0,-953.75,953.7847321000003,953.7847321000003,751427.0,103455.0,1.0,0.0,84380.0,647972.0,667047.0
2013-06-03 16:45:00,0.0,0.0,18772.0,-938.6,938.62445225,938.62445225,751427.0,105393.0,1.0,0.0,86621.0,646034.0,664806.0
2013-06-03 17:00:00,0.0,0.0,18558.0,-927.9,927.9080923999996,927.9080923999996,751427.0,121285.0,1.0,0.0,102727.0,630142.0,648700.0
2013-06-03 17:15:00,0.0,0.0,18447.0,-922.35,922.3575103000003,922.3575103000003,751427.0,112716.0,1.0,0.0,94269.0,638711.0,657158.0
2013-06-03 17:30:00,0.0,0.0,18324.0,-916.2,916.2000482000003,916.2000482000003,751427.0,123280.0,1.0,0.0,104956.0,628147.0,646471.0
2013-06-03 17:45:00,0.0,0.0,18179.0,-908.95,908.9893860999997,908.9893860999997,751427.0,116788.0,1.0,0.0,98609.0,634639.0,652818.0
2013-06-03 18:00:00,0.0,0.0,17962.0,-898.1,898.1401240000001,898.1401240000001,751427.0,112719.0,1.0,0.0,94757.0,638708.0,656670.0
2013-06-03 18:15:00,0.0,0.0,18117.0,-905.85,905.8569911999997,905.8569911999997,751427.0,104023.0,1.0,0.0,85906.0,647404.0,665521.0
2013-06-03 18:30:00,0.0,0.0,17752.0,-887.6,887.6041584000003,887.6041584000003,751427.0,102917.0,1.0,0.0,85165.0,648510.0,666262.0
2013-06-03 18:45:00,0.0,0.0,17374.0,-868.85,868.8768255999997,868.7268255999996,751427.0,91455.0,1.0,3.0,74078.0,659972.0,677349.0
2013-06-03 19:00:00,0.0,73.0,17037.0,-851.85,851.8614928000003,851.8614928000003,751427.0,107406.0,1.0,0.0,90369.0,644021.0,661058.0
2013-06-03 19:15:00,0.0,66.0,16254.0,-812.7,812.70821645,812.70821645,751427.0,107360.0,1.0,0.0,91106.0,644067.0,660321.0
2013-06-03 19:30:00,0.0,0.0,15430.0,-771.5,771.5035001000003,771.5035001000003,751427.0,86127.0,1.0,0.0,70697.0,665300.0,680730.0
2013-06-03 19:45:00,0.0,0.0,14443.0,-722.15,722.17620375,722.17620375,751427.0,65213.0,1.0,0.0,50770.0,686214.0,700657.0
2013-06-03 20:00:00,0.0,114.0,13759.0,-687.95,687.9874874000003,687.9874874000003,751427.0,66577.0,1.0,0.0,52818.0,684850.0,698609.0
2013-06-03 20:15:00,0.0,0.0,12673.0,-633.65,633.6835590500002,633.6835590500002,751427.0,63309.0,1.0,0.0,50636.0,688118.0,700791.0
2013-06-03 20:30:00,0.0,0.0,11342.0,-567.1,567.1049907000003,567.1049907000003,751427.0,68789.0,1.0,0.0,57447.0,682638.0,693980.0
2013-06-03 20:45:00,0.0,0.0,9700.0,-485.0,485.00154235000025,485.00154235000025,751427.0,51523.0,1.0,0.0,41823.0,699904.0,709604.0
2013-06-03 21:00:00,0.0,0.0,8382.0,-419.1,419.12369399999983,419.12369399999983,751427.0,57923.0,1.0,0.0,49541.0,693504.0,701886.0
2013-06-03 21:15:00,0.0,0.0,7192.0,-359.6,359.63050039999985,359.63050039999985,751427.0,56343.0,1.0,0.0,49151.0,695084.0,702276.0
2013-06-03 21:30:00,0.0,0.0,6169.0,-308.45,308.4679667999999,308.4679667999999,751427.0,56393.0,1.0,0.0,50224.0,695034.0,701203.0
2013-06-03 21:45:00,0.0,0.0,5054.0,-252.7,252.74995319999996,252.74995319999996,751427.0,45909.0,1.0,0.0,40855.0,705518.0,710572.0
2013-06-03 22:00:00,0.0,0.0,3966.0,-198.3,198.33797960000007,198.33797960000007,751427.0,43596.0,1.0,0.0,39630.0,707831.0,711797.0
2013-06-03 22:15:00,0.0,0.0,3307.0,-165.35,165.35997179999995,165.35997179999995,751427.0,38681.0,1.0,0.0,35374.0,712746.0,716053.0
2013-06-03 22:30:00,0.0,0.0,2504.0,-125.2,125.22942399999992,125.22942399999992,751427.0,43742.0,1.0,0.0,41238.0,707685.0,710189.0
2013-06-03 22:45:00,0.0,0.0,1620.0,-81.0,81.03757619999995,81.03757619999995,751427.0,35958.0,1.0,0.0,34338.0,715469.0,717089.0
2013-06-03 23:00:00,0.0,0.0,1005.0,-50.25,50.255928399999895,50.255928399999895,751427.0,47458.0,1.0,0.0,46453.0,703969.0,704974.0
2013-06-03 23:15:00,0.0,0.0,44.0,-2.2,2.2140987999999195,2.2140987999999195,751427.0,24639.0,1.0,0.0,24595.0,726788.0,726832.0
2013-06-03 23:30:00,0.0,0.0,2290.0,45.8,-45.78333080000011,-45.78333080000011,751427.0,21947.0,1.0,0.0,19657.0,729480.0,731770.0
2013-06-03 23:45:00,0.0,0.0,4214.0,84.28,-84.26746040000015,-84.26746040000015,751427.0,30295.0,1.0,0.0,26081.0,721132.0,725346.0
2013-06-04 00:00:00,0.0,0.0,6439.0,128.78,-128.7661900000001,-128.7661900000001,751427.0,6439.0,1.0,0.0,0.0,744988.0,751427.0
2013-06-04 00:15:00,0.0,0.0,8606.0,172.12,-172.10387684999984,-172.10387684999984,751427.0,8606.0,1.0,0.0,0.0,742821.0,751427.0
2013-06-04 00:30:00,0.0,0.0,11289.0,225.78,-225.77210369999992,-225.77210369999992,751427.0,11289.0,1.0,0.0,0.0,740138.0,751427.0
2013-06-04 00:45:00,0.0,0.0,13674.0,273.48,-273.4742505500001,-273.4742505500001,751427.0,13674.0,1.0,0.0,0.0,737753.0,751427.0
2013-06-04 01:00:00,0.0,0.0,16226.0,324.52,-324.5011974000002,-324.5011974000002,751427.0,16226.0,1.0,0.0,0.0,735201.0,751427.0
2013-06-04 01:15:00,0.0,0.0,16878.0,337.56,-337.5458267500001,-337.5458267500001,751427.0,16878.0,1.0,0.0,0.0,734549.0,751427.0
2013-06-04 01:30:00,0.0,0.0,17747.0,354.94,-354.93291609999994,-354.93291609999994,751427.0,17747.0,1.0,0.0,0.0,733680.0,751427.0
2013-06-04 01:45:00,0.0,0.0,18627.0,372.54,-372.53854545,-372.53854545,751427.0,18627.0,1.0,0.0,0.0,732800.0,751427.0
2013-06-04 02:00:00,0.0,0.0,19633.0,392.66,-392.65775479999985,-392.65775479999985,751427.0,19633.0,1.0,0.0,0.0,731794.0,751427.0
2013-06-04 02:15:00,0.0,0.0,19089.0,381.78,-381.7783854,-381.7783854,751427.0,19089.0,1.0,0.0,0.0,732338.0,751427.0
2013-06-04 02:30:00,0.0,0.0,18495.0,369.9,-369.890796,-369.890796,751427.0,18495.0,1.0,0.0,0.0,732932.0,751427.0
2013-06-04 02:45:00,0.0,0.0,18189.0,363.78,-363.77634659999984,-363.77634659999984,751427.0,18189.0,1.0,0.0,0.0,733238.0,751427.0
2013-06-04 03:00:00,0.0,0.0,17563.0,351.26,-351.25709720000015,-351.25709720000015,751427.0,17563.0,1.0,0.0,0.0,733864.0,751427.0
2013-06-04 03:15:00,0.0,0.0,18180.0,363.6,-363.5850629,-363.5850629,751427.0,18180.0,1.0,0.0,0.0,733247.0,751427.0
2013-06-04 03:30:00,0.0,0.0,18645.0,372.9,-372.89316860000014,-372.89316860000014,751427.0,18645.0,1.0,0.0,0.0,732782.0,751427.0
2013-06-04 03:45:00,0.0,0.0,19113.0,382.26,-382.24479429999985,-382.24479429999985,751427.0,19113.0,1.0,0.0,0.0,732314.0,751427.0
2013-06-04 04:00:00,0.0,0.0,19690.0,393.8,-393.79245999999983,-393.79245999999983,751427.0,19690.0,1.0,0.0,0.0,731737.0,751427.0
2013-06-04 04:15:00,0.0,0.0,21474.0,429.48,-429.46823150000006,-429.46823150000006,751427.0,21474.0,1.0,0.0,0.0,729953.0,751427.0
2013-06-04 04:30:00,0.0,0.0,23166.0,463.32,-463.30250299999983,-463.30250299999983,751427.0,23166.0,1.0,0.0,0.0,728261.0,751427.0
2013-06-04 04:45:00,0.0,0.0,25070.0,501.4,-501.38713450000006,-501.38713450000006,751427.0,25070.0,1.0,0.0,0.0,726357.0,751427.0
2013-06-04 05:00:00,0.0,0.0,26915.0,538.3,-538.291706,-538.291706,751427.0,26915.0,1.0,0.0,0.0,724512.0,751427.0
2013-06-04 05:15:00,0.0,0.0,28061.0,561.22,-561.2113354999998,-561.2113354999998,751427.0,28061.0,1.0,0.0,0.0,723366.0,751427.0
2013-06-04 05:30:00,0.0,0.0,29061.0,581.22,-581.2043449999999,-581.2043449999999,751427.0,29061.0,1.0,0.0,0.0,722366.0,751427.0
2013-06-04 05:45:00,0.0,0.0,30212.0,604.24,-604.2291144999998,-604.2291144999998,751427.0,30212.0,1.0,0.0,0.0,721215.0,751427.0
2013-06-04 06:00:00,0.0,0.0,31355.0,627.1,-627.083864,-627.083864,751427.0,31355.0,1.0,0.0,0.0,720072.0,751427.0
2013-06-04 06:15:00,0.0,0.0,28728.0,574.56,-574.5407225999999,-574.5407225999999,751427.0,28728.0,1.0,0.0,0.0,722699.0,751427.0
2013-06-04 06:30:00,0.0,0.0,25702.0,514.04,-514.0271611999998,-514.0271611999998,751427.0,25702.0,1.0,0.0,0.0,725725.0,751427.0
2013-06-04 06:45:00,0.0,0.0,23258.0,465.16,-465.15265979999987,-465.15265979999987,751427.0,23258.0,1.0,0.0,0.0,728169.0,751427.0
2013-06-04 07:00:00,0.0,0.0,20445.0,408.9,-408.89397840000015,-408.89397840000015,751427.0,20445.0,1.0,0.0,0.0,730982.0,751427.0
2013-06-04 07:15:00,0.0,0.0,19323.0,386.46,-386.45374640000017,-386.45374640000017,751427.0,19323.0,1.0,0.0,0.0,732104.0,751427.0
2013-06-04 07:30:00,0.0,0.0,15299.0,305.98,-305.9746543999998,-305.9746543999998,751427.0,15299.0,1.0,0.0,0.0,736128.0,751427.0
2013-06-04 07:45:00,0.0,0.0,13637.0,272.74,-272.7239224,-272.7239224,751427.0,13637.0,1.0,0.0,0.0,737790.0,751427.0
2013-06-04 08:00:00,0.0,0.0,12262.0,245.24,-245.23907039999992,-245.23907039999992,751427.0,12262.0,1.0,0.0,0.0,739165.0,751427.0
2013-06-04 08:15:00,0.0,0.0,9880.0,197.6,-197.58677699999993,-197.58677699999993,751427.0,9880.0,1.0,0.0,0.0,741547.0,751427.0
2013-06-04 08:30:00,0.0,0.0,6445.0,128.9,-128.88832359999995,-128.88832359999995,751427.0,6445.0,1.0,0.0,0.0,744982.0,751427.0
2013-06-04 08:45:00,0.0,0.0,3517.0,70.34,-70.33727020000006,-70.33727020000006,751427.0,3517.0,1.0,0.0,0.0,747910.0,751427.0
2013-06-04 09:00:00,0.0,0.0,155.0,3.1,-3.087276799999927,-3.087276799999927,751427.0,155.0,1.0,0.0,0.0,751272.0,751427.0
2013-06-04 09:15:00,0.0,0.0,1750.0,-87.5,87.52698709999987,87.52698709999987,751427.0,1750.0,1.0,0.0,0.0,749677.0,751427.0
2013-06-04 09:30:00,0.0,0.0,3699.0,-184.95,184.95601099999985,184.95601099999985,751427.0,3699.0,1.0,0.0,0.0,747728.0,751427.0
2013-06-04 09:45:00,0.0,0.0,5625.0,-281.25,281.25595489999995,281.25595489999995,751427.0,5625.0,1.0,0.0,0.0,745802.0,751427.0
2013-06-04 10:00:00,0.0,0.0,7564.0,-378.2,378.2220588,378.2220588,751427.0,7564.0,1.0,0.0,0.0,743863.0,751427.0
2013-06-04 10:15:00,0.0,0.0,9172.0,-458.6,458.63969384999984,458.63969384999984,751427.0,9172.0,1.0,0.0,0.0,742255.0,751427.0
2013-06-04 10:30:00,0.0,0.0,10959.0,-547.95,547.9636889000002,547.9636889000002,751427.0,10959.0,1.0,0.0,0.0,740468.0,751427.0
2013-06-04 10:45:00,0.0,0.0,12657.0,-632.85,632.8981239500002,632.8981239500002,751427.0,12657.0,1.0,0.0,0.0,738770.0,751427.0
2013-06-04 11:00:00,0.0,0.0,14315.0,-715.75,715.7678590000003,715.7678590000003,751427.0,14315.0,1.0,0.0,0.0,737112.0,751427.0
2013-06-04 11:15:00,0.0,0.0,14334.0,-716.7,716.7054366,716.7054366,751427.0,14334.0,1.0,0.0,0.0,737093.0,751427.0
2013-06-04 11:30:00,0.0,0.0,15484.0,-774.2,774.2054141999997,774.2054141999997,751427.0,15484.0,1.0,0.0,0.0,735943.0,751427.0
2013-06-04 11:45:00,0.0,0.0,16801.0,-840.05,840.0510917999997,840.0510917999997,751427.0,16801.0,1.0,0.0,0.0,734626.0,751427.0
2013-06-04 12:00:00,0.0,0.0,18151.0,-907.55,907.5785694,907.5785694,751427.0,18151.0,1.0,0.0,0.0,733276.0,751427.0
2013-06-04 12:15:00,0.0,0.0,18074.0,-903.7,903.7131458999997,903.7131458999997,751427.0,18074.0,1.0,0.0,0.0,733353.0,751427.0
2013-06-04 12:30:00,0.0,0.0,18091.0,-904.55,904.5860623999997,904.5860623999997,751427.0,18091.0,1.0,0.0,0.0,733336.0,751427.0
2013-06-04 12:45:00,0.0,0.0,18040.0,-902.0,902.0261788999999,902.0261788999999,751427.0,18040.0,1.0,0.0,0.0,733387.0,751427.0
2013-06-04 13:00:00,0.0,0.0,18145.0,-907.25,907.2746353999997,907.2746353999997,751427.0,18145.0,1.0,0.0,0.0,733282.0,751427.0
2013-06-04 13:15:00,0.0,0.0,17934.0,-896.7,896.71852365,896.71852365,751427.0,17934.0,1.0,0.0,0.0,733493.0,751427.0
2013-06-04 13:30:00,0.0,0.0,17534.0,-876.7,876.7460118999999,876.7460118999999,751427.0,17534.0,1.0,0.0,0.0,733893.0,751427.0
2013-06-04 13:45:00,0.0,0.0,17284.0,-864.2,864.2033001499997,864.2033001499997,751427.0,17284.0,1.0,0.0,0.0,734143.0,751427.0
2013-06-04 14:00:00,0.0,0.0,16810.0,-840.5,840.5224683999996,840.5224683999996,751427.0,16810.0,1.0,0.0,0.0,734617.0,751427.0
2013-06-04 14:15:00,0.0,0.0,16798.0,-839.9,839.91341985,839.91341985,751427.0,16798.0,1.0,0.0,0.0,734629.0,751427.0
2013-06-04 14:30:00,0.0,0.0,16804.0,-840.2,840.2311312999997,840.2311312999997,751427.0,16804.0,1.0,0.0,0.0,734623.0,751427.0
2013-06-04 14:45:00,0.0,0.0,16736.0,-836.8,836.82490275,836.82490275,751427.0,16736.0,1.0,0.0,0.0,734691.0,751427.0
2013-06-04 15:00:00,0.0,0.0,16670.0,-833.5,833.5353942000003,833.5353942000003,751427.0,16670.0,1.0,0.0,0.0,734757.0,751427.0
2013-06-04 15:15:00,0.0,0.0,16972.0,-848.6,848.60510245,848.60510245,751427.0,16972.0,1.0,0.0,0.0,734455.0,751427.0
2013-06-04 15:30:00,0.0,0.0,16964.0,-848.2,848.2278906999996,848.2278906999996,751427.0,16964.0,1.0,0.0,0.0,734463.0,751427.0
2013-06-04 15:45:00,0.0,0.0,17222.0,-861.1,861.1342789500003,861.1342789500003,751427.0,17222.0,1.0,0.0,0.0,734205.0,751427.0
2013-06-04 16:00:00,0.0,0.0,17411.0,-870.55,870.5828671999997,870.5828671999997,751427.0,17411.0,1.0,0.0,0.0,734016.0,751427.0
2013-06-04 16:15:00,0.0,0.0,17509.0,-875.45,875.4855175000004,875.4855175000004,751427.0,17509.0,1.0,0.0,0.0,733918.0,751427.0
2013-06-04 16:30:00,0.0,0.0,17454.0,-872.7,872.7439478000003,872.7439478000003,751427.0,17454.0,1.0,0.0,0.0,733973.0,751427.0
2013-06-04 16:45:00,0.0,0.0,17639.0,-881.95,881.9711780999999,881.9711780999999,751427.0,17639.0,1.0,0.0,0.0,733788.0,751427.0
2013-06-04 17:00:00,0.0,0.0,17735.0,-886.75,886.7516284000003,886.7516284000003,751427.0,17735.0,1.0,0.0,0.0,733692.0,751427.0
2013-06-04 17:15:00,0.0,0.0,17549.0,-877.45,877.4534787000003,877.4534787000003,751427.0,17549.0,1.0,0.0,0.0,733878.0,751427.0
2013-06-04 17:30:00,0.0,0.0,17355.0,-867.75,867.7970690000003,867.7970690000003,751427.0,17355.0,1.0,0.0,0.0,734072.0,751427.0
2013-06-04 17:45:00,0.0,0.0,17112.0,-855.6,855.6171992999997,855.6171992999997,751427.0,17112.0,1.0,0.0,0.0,734315.0,751427.0
2013-06-04 18:00:00,0.0,0.0,16967.0,-848.35,848.3566696,848.3566696,751427.0,16967.0,1.0,0.0,0.0,734460.0,751427.0
2013-06-04 18:15:00,0.0,0.0,16668.0,-833.4,833.4308547999997,833.4308547999997,751427.0,16668.0,1.0,0.0,0.0,734759.0,751427.0
2013-06-04 18:30:00,0.0,0.0,16439.0,-821.95,821.9512399999996,821.9512399999996,751427.0,16439.0,1.0,0.0,0.0,734988.0,751427.0
2013-06-04 18:45:00,0.0,0.0,16025.0,-801.25,801.2964251999997,801.2964251999997,751427.0,16025.0,1.0,0.0,0.0,735402.0,751427.0
2013-06-04 19:00:00,0.0,0.0,15783.0,-789.15,789.1545304,789.1545304,751427.0,15783.0,1.0,0.0,0.0,735644.0,751427.0
2013-06-04 19:15:00,0.0,0.0,16163.0,-808.15,808.1966131500003,808.1966131500003,751427.0,16163.0,1.0,0.0,0.0,735264.0,751427.0
2013-06-04 19:30:00,0.0,0.0,16403.0,-820.15,820.1886759000002,820.1886759000002,751427.0,16403.0,1.0,0.0,0.0,735024.0,751427.0
2013-06-04 19:45:00,0.0,0.0,16695.0,-834.75,834.7938186500003,834.7938186500003,751427.0,16695.0,1.0,0.0,0.0,734732.0,751427.0
2013-06-04 20:00:00,0.0,0.0,16960.0,-848.0,848.0264214000001,848.0264214000001,751427.0,16960.0,1.0,0.0,0.0,734467.0,751427.0
2013-06-04 20:15:00,0.0,0.0,17732.0,-886.6,886.6461598500003,886.6461598500003,751427.0,17732.0,1.0,0.0,0.0,733695.0,751427.0
2013-06-04 20:30:00,0.0,0.0,18103.0,-905.15,905.1992983000004,905.1992983000004,751427.0,18103.0,1.0,0.0,0.0,733324.0,751427.0
2013-06-04 20:45:00,0.0,0.0,18550.0,-927.5,927.50289675,927.50289675,751427.0,18550.0,1.0,0.0,0.0,732877.0,751427.0
2013-06-04 21:00:00,0.0,0.0,19085.0,-954.25,954.2845752000001,954.2845752000001,751427.0,19085.0,1.0,0.0,0.0,732342.0,751427.0
2013-06-04 21:15:00,0.0,0.0,19645.0,-982.25,982.25362675,982.25362675,751427.0,19645.0,1.0,0.0,0.0,731782.0,751427.0
2013-06-04 21:30:00,0.0,0.0,19977.0,-998.85,998.8550782999997,998.8550782999997,751427.0,19977.0,1.0,0.0,0.0,731450.0,751427.0
2013-06-04 21:45:00,0.0,0.0,20547.0,-1027.35,1027.39286985,1027.39286985,751427.0,20547.0,1.0,0.0,0.0,730880.0,751427.0
2013-06-04 22:00:00,0.0,0.0,20948.0,-1047.4,1047.4019814000003,1047.4019814000003,751427.0,20948.0,1.0,0.0,0.0,730479.0,751427.0
2013-06-04 22:15:00,0.0,0.0,21391.0,-1069.55,1069.5768555499997,1069.5768555499997,751427.0,21391.0,1.0,0.0,0.0,730036.0,751427.0
2013-06-04 22:30:00,0.0,0.0,21800.0,-1090.0,1090.0355297,1090.0355297,751427.0,21800.0,1.0,0.0,0.0,729627.0,751427.0
2013-06-04 22:45:00,0.0,0.0,22086.0,-1104.3,1104.31960385,1104.31960385,751427.0,22086.0,1.0,0.0,0.0,729341.0,751427.0
2013-06-04 23:00:00,0.0,0.0,22386.0,-1119.3,1119.3199980000004,1119.3199980000004,751427.0,22386.0,1.0,0.0,0.0,729041.0,751427.0
2013-06-04 23:15:00,0.0,0.0,22946.0,-1147.3,1147.3473414999996,1147.3473414999996,751427.0,22946.0,1.0,0.0,0.0,728481.0,751427.0
2013-06-04 23:30:00,0.0,0.0,23338.0,-1166.9,1166.9268049999996,1166.9268049999996,751427.0,23338.0,1.0,0.0,0.0,728089.0,751427.0
2013-06-04 23:45:00,0.0,0.0,23738.0,-1186.9,1186.9335685,1186.9335685,751427.0,23738.0,1.0,0.0,0.0,727689.0,751427.0
2013-06-05 00:00:00,0.0,0.0,24259.0,-1212.95,1212.951532,1212.951532,751427.0,24259.0,1.0,0.0,0.0,727168.0,751427.0
2013-06-05 00:15:00,0.0,0.0,24768.0,-1238.4,1238.44901765,1238.44901765,751427.0,24768.0,1.0,0.0,0.0,726659.0,751427.0
2013-06-05 00:30:00,0.0,0.0,25397.0,-1269.85,1269.8702033,1269.8702033,751427.0,25397.0,1.0,0.0,0.0,726030.0,751427.0
2013-06-05 00:45:00,0.0,0.0,25786.0,-1289.3,1289.3085089499996,1289.3085089499996,751427.0,25786.0,1.0,0.0,0.0,725641.0,751427.0
2013-06-05 01:00:00,0.0,0.0,26239.0,-1311.95,1311.9986745999995,1311.9986745999995,751427.0,32307.0,1.0,0.0,6068.0,719120.0,745359.0
2013-06-05 01:15:00,0.0,0.0,26847.0,-1342.35,1342.3764837499998,1342.3764837499998,751427.0,34046.0,1.0,0.0,7199.0,717381.0,744228.0
2013-06-05 01:30:00,0.0,0.0,27391.0,-1369.55,1369.5518528999996,1369.5518528999996,751427.0,36829.0,1.0,0.0,9438.0,714598.0,741989.0
2013-06-05 01:45:00,0.0,0.0,27827.0,-1391.35,1391.3636020499994,1391.3636020499994,751427.0,35808.0,1.0,0.0,7981.0,715619.0,743446.0
2013-06-05 02:00:00,0.0,0.0,28411.0,-1420.55,1420.5740312,1420.5740312,751427.0,35120.0,1.0,0.0,6709.0,716307.0,744718.0
2013-06-05 02:15:00,0.0,0.0,28865.0,-1443.25,1443.2832760500007,1443.2832760500007,751427.0,34171.0,1.0,0.0,5306.0,717256.0,746121.0
2013-06-05 02:30:00,0.0,0.0,29325.0,-1466.25,1466.2907809000005,1466.2907809000005,751427.0,37440.0,1.0,0.0,8115.0,713987.0,743312.0
2013-06-05 02:45:00,0.0,0.0,29679.0,-1483.95,1483.9904857499994,1483.9904857499994,751427.0,33636.0,1.0,0.0,3957.0,717791.0,747470.0
2013-06-05 03:00:00,0.0,0.0,30038.0,-1501.9,1501.9440505999999,1501.9440505999999,751427.0,31545.0,1.0,0.0,1507.0,719882.0,749920.0
2013-06-05 03:15:00,0.0,0.0,30059.0,-1502.95,1502.9900752,1502.9900752,751427.0,32513.0,1.0,0.0,2454.0,718914.0,748973.0
2013-06-05 03:30:00,0.0,0.0,30177.0,-1508.85,1508.8590398,1508.8590398,751427.0,32454.0,1.0,0.0,2277.0,718973.0,749150.0
2013-06-05 03:45:00,0.0,0.0,30277.0,-1513.85,1513.8622044,1513.8622044,751427.0,31035.0,1.0,0.0,758.0,720392.0,750669.0
2013-06-05 04:00:00,0.0,0.0,30290.0,-1514.5,1514.5075490000006,1514.5075490000006,751427.0,35224.0,1.0,0.0,4934.0,716203.0,746493.0
2013-06-05 04:15:00,0.0,0.0,29810.0,-1490.5,1490.5419521499994,1490.5419521499994,751427.0,35748.0,1.0,0.0,5938.0,715679.0,745489.0
2013-06-05 04:30:00,0.0,0.0,29266.0,-1463.3,1463.3039552999999,1463.3039552999999,751427.0,52378.0,1.0,0.0,23112.0,699049.0,728315.0
2013-06-05 04:45:00,0.0,0.0,28787.0,-1439.35,1439.36317845,1439.36317845,751427.0,52434.0,1.0,0.0,23647.0,698993.0,727780.0
2013-06-05 05:00:00,0.0,0.0,28378.0,-1418.9,1418.9464215999994,1418.9464215999994,751427.0,37922.0,1.0,0.0,9544.0,713505.0,741883.0
2013-06-05 05:15:00,0.0,0.0,27761.0,-1388.05,1388.07869175,1388.07869175,751427.0,46411.0,1.0,0.0,18650.0,705016.0,732777.0
2013-06-05 05:30:00,0.0,0.0,27222.0,-1361.1,1361.1047418999995,1361.1047418999995,751427.0,54758.0,1.0,0.0,27536.0,696669.0,723891.0
2013-06-05 05:45:00,0.0,0.0,26681.0,-1334.05,1334.06951205,1334.06951205,751427.0,49214.0,1.0,0.0,22533.0,702213.0,728894.0
2013-06-05 06:00:00,0.0,0.0,26011.0,-1300.55,1300.5979622000002,1300.5979622000002,751427.0,55377.0,1.0,0.0,29366.0,696050.0,722061.0
2013-06-05 06:15:00,0.0,0.0,26239.0,-1311.95,1311.9575774,1311.9575774,751427.0,52866.0,1.0,0.0,26627.0,698561.0,724800.0
2013-06-05 06:30:00,0.0,0.0,26479.0,-1323.95,1323.9800525999995,1323.9800525999995,751427.0,73820.0,1.0,0.0,47341.0,677607.0,704086.0
2013-06-05 06:45:00,0.0,0.0,26696.0,-1334.8,1334.8124078,1334.8124078,751427.0,78745.0,1.0,0.0,52049.0,672682.0,699378.0
2013-06-05 07:00:00,0.0,0.0,26843.0,-1342.15,1342.1804830000005,1342.1804830000005,751427.0,104764.0,1.0,0.0,77921.0,646663.0,673506.0
2013-06-05 07:15:00,0.0,0.0,26664.0,-1333.2,1333.2098866499996,1333.2098866499996,751427.0,116588.0,1.0,0.0,89924.0,634839.0,661503.0
2013-06-05 07:30:00,0.0,0.0,26516.0,-1325.8,1325.8019503000005,1325.8019503000005,751427.0,136029.0,1.0,0.0,109513.0,615398.0,641914.0
2013-06-05 07:45:00,0.0,0.0,26333.0,-1316.65,1316.6855339499998,1316.6855339499998,751427.0,144787.0,1.0,0.0,118454.0,606640.0,632973.0
2013-06-05 08:00:00,0.0,0.0,26042.0,-1302.1,1302.1257575999996,1302.1257575999996,751427.0,160225.0,1.0,0.0,134183.0,591202.0,617244.0
2013-06-05 08:15:00,0.0,0.0,26160.0,-1308.0,1308.0005889,1308.0005889,751427.0,149833.0,1.0,0.0,123673.0,601594.0,627754.0
2013-06-05 08:30:00,0.0,0.0,26484.0,-1324.2,1324.2174001999995,1324.2174001999995,751427.0,135397.0,1.0,0.0,108913.0,616030.0,642514.0
2013-06-05 08:45:00,0.0,0.0,26670.0,-1333.5,1333.5200314999995,1333.5200314999995,751427.0,99429.0,1.0,0.0,72759.0,651998.0,678668.0
2013-06-05 09:00:00,1283.0,0.0,26971.0,-1348.55,1348.5736627999995,1348.5736627999995,751427.0,97487.0,1.0,0.0,69233.0,653940.0,682194.0
2013-06-05 09:15:00,13238.0,0.0,27213.0,-1360.65,1360.6544323999995,1360.6544323999995,751427.0,90376.0,1.0,0.0,49925.0,661051.0,701502.0
2013-06-05 09:30:00,26191.0,0.0,27454.0,-1372.7,1372.7352219999996,1372.7352219999996,751427.0,106985.0,1.0,0.0,53340.0,644442.0,698087.0
2013-06-05 09:45:00,44737.0,0.0,27847.0,-1392.35,1392.3536516,1392.3536516,751427.0,131269.0,1.0,0.0,58685.0,620158.0,692742.0
2013-06-05 10:00:00,63582.0,0.0,28227.0,-1411.35,1411.3919412000002,1411.3919412000002,751427.0,166300.0,1.0,0.0,74491.0,585127.0,676936.0
2013-06-05 10:15:00,84769.0,0.0,27856.0,-1392.8,1392.8474896500006,1392.8474896500006,751427.0,172114.0,1.0,0.0,59489.0,579313.0,691938.0
2013-06-05 10:30:00,103817.0,0.0,27555.0,-1377.75,1377.7909381000006,1377.7909381000006,751427.0,191530.0,1.0,0.0,60158.0,559897.0,691269.0
2013-06-05 10:45:00,123415.0,0.0,27247.0,-1362.35,1362.38438655,1362.38438655,751427.0,204280.0,1.0,0.0,53618.0,547147.0,697809.0
2013-06-05 11:00:00,137832.0,0.0,27042.0,-1352.1,1352.1314350000002,1352.1314350000002,751427.0,238757.0,1.0,0.0,73883.0,512670.0,677544.0
2013-06-05 11:15:00,159729.0,0.0,26744.0,-1337.2,1337.2256560000005,1337.2256560000005,751427.0,254198.0,1.0,0.0,67725.0,497229.0,683702.0
2013-06-05 11:30:00,175966.0,0.0,26365.0,-1318.25,1318.260097,1318.260097,751427.0,285518.0,1.0,0.0,83187.0,465909.0,668240.0
2013-06-05 11:45:00,194550.0,0.0,26356.0,-1317.8,1317.813498,1317.813498,751427.0,293194.0,1.0,0.0,72288.0,458233.0,679139.0
2013-06-05 12:00:00,211733.0,0.0,25985.0,-1299.25,1299.2764390000002,1299.2764390000002,751427.0,299594.0,1.0,0.0,61876.0,451833.0,689551.0
2013-06-05 12:15:00,233593.0,0.0,25903.0,-1295.15,1295.1811982000004,1295.1811982000004,751427.0,321071.0,1.0,0.0,61575.0,430356.0,689852.0
2013-06-05 12:30:00,248792.0,0.0,25621.0,-1281.05,1281.0768774,1281.0768774,751427.0,342223.0,1.0,0.0,67810.0,409204.0,683617.0
2013-06-05 12:45:00,271175.0,0.0,25453.0,-1272.65,1272.6730965999998,1272.6730965999998,751427.0,360128.0,1.0,0.0,63500.0,391299.0,687927.0
2013-06-05 13:00:00,288053.0,0.0,25284.0,-1264.2,1264.2427758,1264.2427758,751427.0,378732.0,1.0,0.0,65395.0,372695.0,686032.0
2013-06-05 13:15:00,313278.0,0.0,25021.0,-1251.05,1251.06557385,1251.06557385,751427.0,381285.0,1.0,0.0,42986.0,370142.0,708441.0
2013-06-05 13:30:00,330724.0,0.0,24654.0,-1232.7,1232.7254918999995,1232.7254918999995,751427.0,401076.0,1.0,0.0,45698.0,350351.0,705729.0
2013-06-05 13:45:00,347804.0,0.0,24254.0,-1212.7,1212.7351899500004,1212.7351899500004,751427.0,422277.0,1.0,0.0,50219.0,329150.0,701208.0
2013-06-05 14:00:00,353897.0,0.0,23884.0,-1194.2,1194.224348,1194.224348,751427.0,454373.0,1.0,0.0,76592.0,297054.0,674835.0
2013-06-05 14:15:00,375000.0,0.0,23492.0,-1174.6,1174.6315030500002,1174.6315030500002,751427.0,473041.0,1.0,0.0,74549.0,278386.0,676878.0
2013-06-05 14:30:00,381761.0,0.0,23071.0,-1153.55,1153.5724580999995,1153.5724580999995,751427.0,496411.0,1.0,0.0,91579.0,255016.0,659848.0
2013-06-05 14:45:00,401628.0,0.0,22755.0,-1137.75,1137.7928131499998,1137.7928131499998,751427.0,513882.0,1.0,0.0,89499.0,237545.0,661928.0
2013-06-05 15:00:00,401785.0,0.0,22236.0,-1111.8,1111.8001682,1111.8001682,751427.0,535720.0,1.0,0.0,111699.0,215707.0,639728.0
2013-06-05 15:15:00,425788.0,0.0,22502.0,-1125.1,1125.1317847000003,1125.1317847000003,751427.0,546635.0,1.0,0.0,98345.0,204792.0,653082.0
2013-06-05 15:30:00,436290.0,0.0,22517.0,-1125.85,1125.8641211999998,1125.8641211999998,751427.0,562411.0,1.0,0.0,103604.0,189016.0,647823.0
2013-06-05 15:45:00,468209.0,0.0,22550.0,-1127.5,1127.5288977,1127.5288977,751427.0,570653.0,1.0,0.0,79894.0,180774.0,671533.0
2013-06-05 16:00:00,473059.0,0.0,22531.0,-1126.55,1126.5711941999996,1126.5711941999996,751427.0,588745.0,1.0,0.0,93155.0,162682.0,658272.0
2013-06-05 16:15:00,500644.0,0.0,22517.0,-1125.85,1125.8752832000002,1125.8752832000002,751427.0,604659.0,1.0,0.0,81498.0,146768.0,669929.0
2013-06-05 16:30:00,514433.0,0.0,22983.0,-1149.15,1149.1788722000001,1149.1788722000001,751427.0,621796.0,1.0,0.0,84380.0,129631.0,667047.0
2013-06-05 16:45:00,530369.0,0.0,23218.0,-1160.9,1160.9411811999996,1160.9411811999996,751427.0,640208.0,1.0,0.0,86621.0,111219.0,664806.0
2013-06-05 17:00:00,534237.0,0.0,23217.0,-1160.85,1160.8642702000002,1160.8642702000002,751427.0,660181.0,1.0,0.0,102727.0,91246.0,648700.0
2013-06-05 17:15:00,560779.0,0.0,23691.0,-1184.55,1184.5959162500005,1184.5959162500005,751427.0,678739.0,1.0,0.0,94269.0,72688.0,657158.0
2013-06-05 17:30:00,568039.0,0.0,24079.0,-1203.95,1203.9888623000004,1203.9888623000004,751427.0,697074.0,1.0,0.0,104956.0,54353.0,646471.0
2013-06-05 17:45:00,592699.0,0.0,24487.0,-1224.35,1224.3689683499995,1224.3689683499995,751427.0,715795.0,1.0,0.0,98609.0,35632.0,652818.0
2013-06-05 18:00:00,611893.0,0.0,24959.0,-1247.95,1247.9995344000001,1247.9995344000001,751427.0,731609.0,1.0,0.0,94757.0,19818.0,656670.0
2013-06-05 18:15:00,638522.0,0.0,25370.0,-1268.5,1268.5224997000005,1268.5224997000005,751427.0,749798.0,1.0,0.0,85906.0,1629.0,665521.0
2013-06-05 18:30:00,657448.0,0.0,8814.0,-881.4,1295.924265,1295.924265,751427.0,760241.0,2.0,0.0,85165.0,0.0,666262.0
2013-06-05 18:45:00,672745.0,0.0,13173.0,-658.65,1309.7247703,1309.7247703,760241.0,760241.0,1.0,0.0,74323.0,0.0,685918.0
2013-06-05 19:00:00,656701.0,0.0,12701.0,-1270.1,1338.5889955999999,1338.5889955999999,760241.0,772942.0,2.0,0.0,90839.0,0.0,669402.0
2013-06-05 19:15:00,657969.0,0.0,22674.0,-1133.7,1352.46457355,1352.46457355,772942.0,772942.0,1.0,0.0,92299.0,0.0,680643.0
2013-06-05 19:30:00,680635.0,0.0,19845.0,-992.25,1367.6556715000004,1367.6556715000004,772942.0,772942.0,1.0,0.0,72462.0,0.0,700480.0
2013-06-05 19:45:00,706600.0,0.0,14222.0,-711.1,1377.5770494500002,1377.5770494500002,772942.0,772942.0,1.0,0.0,52120.0,0.0,720822.0
2013-06-05 20:00:00,711095.0,0.0,8132.0,-1219.8,1401.7081074000007,1401.7081074000007,772942.0,789206.0,3.0,0.0,53715.0,0.0,719227.0
2013-06-05 20:15:00,716591.0,0.0,19262.0,-963.1,1398.7992957000001,1398.7992957000001,789206.0,789206.0,1.0,0.0,53353.0,0.0,735853.0
2013-06-05 20:30:00,709586.0,0.0,16715.0,-835.75,1399.1506840000006,1399.1506840000006,789206.0,789206.0,1.0,0.0,62905.0,0.0,726301.0
2013-06-05 20:45:00,726338.0,0.0,17639.0,-881.95,1395.7470722999994,1395.7470722999994,789206.0,789206.0,1.0,0.0,45229.0,0.0,743977.0
2013-06-05 21:00:00,729627.0,0.0,8098.0,-1214.7,1394.3178606,1394.3178606,789206.0,805402.0,3.0,0.0,51481.0,0.0,737725.0
2013-06-05 21:15:00,733276.0,0.0,19978.0,-998.9,1390.6280244999994,1390.6280244999994,805402.0,805402.0,1.0,0.0,52148.0,0.0,753254.0
2013-06-05 21:30:00,732949.0,0.0,18892.0,-944.6,1398.2635884000006,1398.2635884000006,805402.0,805402.0,1.0,0.0,53561.0,0.0,751841.0
2013-06-05 21:45:00,743958.0,0.0,16538.0,-826.9,1392.0889523,1392.0889523,805402.0,805402.0,1.0,0.0,44906.0,0.0,760496.0
2013-06-05 22:00:00,755028.0,0.0,8182.0,-1227.3,1391.8335162000005,1391.8335162000005,805402.0,821766.0,3.0,0.0,42192.0,0.0,763210.0
2013-06-05 22:15:00,766060.0,0.0,18754.0,-937.7,1410.8192657500006,1410.8192657500006,821766.0,821766.0,1.0,0.0,36952.0,0.0,784814.0
2013-06-05 22:30:00,758235.0,0.0,18873.0,-943.65,1433.6891553000007,1433.6891553000007,821766.0,821766.0,1.0,0.0,44658.0,0.0,777108.0
2013-06-05 22:45:00,767178.0,0.0,17262.0,-863.1,1453.84528485,1453.84528485,821766.0,821766.0,1.0,0.0,37326.0,0.0,784440.0
2013-06-05 23:00:00,765694.0,0.0,6679.0,-1335.8,1472.2865544,1472.2865544,821766.0,841803.0,4.0,0.0,49393.0,0.0,772373.0
2013-06-05 23:15:00,792446.0,0.0,23097.0,-1154.85,1513.3121022500006,1513.3121022500006,841803.0,841803.0,1.0,0.0,26260.0,0.0,815543.0
2013-06-05 23:30:00,797522.0,0.0,21256.0,-1062.8,1537.4670100999995,1537.4670100999995,841803.0,841803.0,1.0,0.0,23025.0,0.0,818778.0
2013-06-05 23:45:00,794862.0,0.0,17814.0,-890.7,1570.7414179499995,1570.7414179499995,841803.0,841803.0,1.0,0.0,29127.0,0.0,812676.0
2013-06-06 00:00:00,831864.0,0.0,9939.0,-1490.85,1605.5064658,1605.5064658,841803.0,861681.0,3.0,0.0,0.0,0.0,841803.0
2013-06-06 00:15:00,840498.0,0.0,21183.0,-1059.15,1612.9437012999995,1612.9437012999995,861681.0,861681.0,1.0,0.0,0.0,0.0,861681.0
2013-06-06 00:30:00,841449.0,0.0,20232.0,-1011.6,1625.4518568000005,1625.4518568000005,861681.0,861681.0,1.0,0.0,0.0,0.0,861681.0
2013-06-06 00:45:00,844155.0,0.0,17526.0,-876.3,1635.0534322999995,1635.0534322999995,861681.0,861681.0,1.0,0.0,0.0,0.0,861681.0
2013-06-06 01:00:00,849440.0,0.0,5686.0,-1421.5,1641.9638278000002,1641.9638278000002,861681.0,884425.0,5.0,0.0,6555.0,0.0,855126.0
2013-06-06 01:15:00,854093.0,0.0,22826.0,-1141.3,1647.9815943,1647.9815943,884425.0,884425.0,1.0,0.0,7506.0,0.0,876919.0
2013-06-06 01:30:00,851672.0,0.0,22809.0,-1140.45,1646.8583608,1646.8583608,884425.0,884425.0,1.0,0.0,9944.0,0.0,874481.0
2013-06-06 01:45:00,855128.0,0.0,21298.0,-1064.9,1645.3320272999995,1645.3320272999995,884425.0,884425.0,1.0,0.0,7999.0,0.0,876426.0
2013-06-06 02:00:00,870708.0,0.0,7008.0,-1401.6,1643.6415937999998,1643.6415937999998,884425.0,905449.0,4.0,0.0,6709.0,0.0,877716.0
2013-06-06 02:15:00,879114.0,0.0,21029.0,-1051.45,1631.5081950999993,1631.5081950999993,905449.0,905449.0,1.0,0.0,5306.0,0.0,900143.0
2013-06-06 02:30:00,873318.0,0.0,20473.0,-1023.65,1618.9375163999994,1618.9375163999994,905449.0,905449.0,1.0,0.0,11658.0,0.0,893791.0
2013-06-06 02:45:00,882647.0,0.0,18841.0,-942.05,1603.1562377000002,1603.1562377000002,905449.0,905449.0,1.0,0.0,3961.0,0.0,901488.0
2013-06-06 03:00:00,896751.0,0.0,7173.0,-1434.6,1585.960239,1585.960239,905449.0,926968.0,4.0,0.0,1525.0,0.0,903924.0
2013-06-06 03:15:00,902642.0,0.0,21854.0,-1092.7,1558.0919452000005,1558.0919452000005,926968.0,926968.0,1.0,0.0,2472.0,0.0,924496.0
2013-06-06 03:30:00,903006.0,0.0,21681.0,-1084.05,1525.6729314000006,1525.6729314000006,926968.0,926968.0,1.0,0.0,2281.0,0.0,924687.0
2013-06-06 03:45:00,906959.0,0.0,19247.0,-962.35,1488.9523975999994,1488.9523975999994,926968.0,926968.0,1.0,0.0,762.0,0.0,926206.0
2013-06-06 04:00:00,915690.0,0.0,6206.0,-1241.2,1461.8027838,1461.8027838,926968.0,945586.0,4.0,0.0,5072.0,0.0,921896.0
2013-06-06 04:15:00,911531.0,0.0,17849.0,-892.45,1392.60160475,1392.60160475,945586.0,945586.0,1.0,0.0,16206.0,0.0,929380.0
2013-06-06 04:30:00,894476.0,0.0,17700.0,-885.0,1325.2380256999995,1325.2380256999995,945586.0,945586.0,1.0,0.0,33410.0,0.0,912176.0
2013-06-06 04:45:00,895850.0,0.0,15770.0,-788.5,1256.6198466500002,1256.6198466500002,945586.0,945586.0,1.0,0.0,33966.0,0.0,911620.0
2013-06-06 05:00:00,925277.0,0.0,10599.0,-1059.9,1184.8099875999999,1184.8099875999999,945586.0,956185.0,2.0,0.0,9710.0,0.0,935876.0
2013-06-06 05:15:00,923560.0,0.0,11295.0,-564.75,1100.31343155,1100.31343155,956185.0,956185.0,1.0,0.0,21330.0,0.0,934855.0
2013-06-06 05:30:00,914993.0,0.0,10573.0,-528.65,1027.2333955,1027.2333955,956185.0,956185.0,1.0,0.0,30619.0,0.0,925566.0
2013-06-06 05:45:00,921685.0,0.0,9810.0,-490.5,941.1538594500003,941.1538594500003,956185.0,956185.0,1.0,0.0,24690.0,0.0,931495.0
2013-06-06 06:00:00,916362.0,0.0,4460.0,-669.0,857.2059234000003,857.2059234000003,956185.0,965105.0,3.0,0.0,35363.0,0.0,920822.0
2013-06-06 06:15:00,923301.0,0.0,9328.0,-466.4,765.09466315,765.09466315,965105.0,965105.0,1.0,0.0,32476.0,0.0,932629.0
2013-06-06 06:30:00,893749.0,0.0,8182.0,-409.1,696.3078029000003,696.3078029000003,965105.0,965105.0,1.0,0.0,63174.0,0.0,901931.0
2013-06-06 06:45:00,895089.0,0.0,8621.0,-431.05,606.3759426499997,606.3759426499997,965105.0,965105.0,1.0,0.0,61395.0,0.0,903710.0
2013-06-06 07:00:00,869104.0,0.0,4945.0,-494.5,536.4276824,536.4276824,965105.0,970050.0,2.0,0.0,91056.0,0.0,874049.0
2013-06-06 07:15:00,857243.0,0.0,7480.0,-374.0,437.28009709999986,437.28009709999986,970050.0,970050.0,1.0,0.0,105327.0,0.0,864723.0
2013-06-06 07:30:00,840508.0,0.0,7266.0,-363.3,363.3290117999999,363.3290117999999,970050.0,968334.0,1.0,0.0,120560.0,1716.0,849490.0
2013-06-06 07:45:00,830098.0,0.0,5720.0,-286.0,286.0490264999999,286.0490264999999,970050.0,966422.0,1.0,0.0,130604.0,3628.0,839446.0
2013-06-06 08:00:00,813852.0,0.0,4304.0,-215.2,215.2225412,215.2225412,970050.0,964972.0,1.0,0.0,146816.0,5078.0,823234.0
2013-06-06 08:15:00,817456.0,0.0,3345.0,-167.25,167.25079889999995,167.25079889999995,970050.0,962726.0,1.0,0.0,141925.0,7324.0,828125.0
2013-06-06 08:30:00,821851.0,0.0,2621.0,-131.05,131.06403660000015,131.06403660000015,970050.0,957139.0,1.0,0.0,132667.0,12911.0,837383.0
2013-06-06 08:45:00,849061.0,0.0,1959.0,-97.95,97.98811430000003,97.98811430000003,970050.0,950520.0,1.0,0.0,99500.0,19530.0,870550.0
2013-06-06 09:00:00,861235.0,0.0,1107.0,-55.35,55.35517200000012,55.35517200000012,970050.0,946274.0,1.0,0.0,83932.0,23776.0,886118.0
2013-06-06 09:15:00,880444.0,0.0,580.0,-29.0,29.00119985000001,29.00119985000001,970050.0,940894.0,1.0,0.0,59870.0,29156.0,910180.0
2013-06-06 09:30:00,872194.0,0.0,140.0,-7.0,7.0400877000000035,7.0400877000000035,970050.0,936628.0,1.0,0.0,64294.0,33422.0,905756.0
2013-06-06 09:45:00,865598.0,0.0,422.0,8.44,-8.434744449999927,-8.434744449999927,970050.0,69360.0,1.0,0.0,68938.0,900690.0,901112.0
2013-06-06 10:00:00,845479.0,0.0,1659.0,33.18,-33.166156600000065,-33.166156600000065,970050.0,89974.0,1.0,0.0,88315.0,880076.0,881735.0
2013-06-06 10:15:00,864749.0,0.0,3887.0,77.74,-77.72992939999986,-77.72992939999986,970050.0,66519.0,1.0,0.0,62632.0,903531.0,907418.0
2013-06-06 10:30:00,860591.0,0.0,6383.0,127.66,-127.6461222,-127.6461222,970050.0,74787.0,1.0,0.0,68404.0,895263.0,901646.0
2013-06-06 10:45:00,865219.0,0.0,8838.0,176.76,-176.74425499999995,-176.74425499999995,970050.0,66718.0,1.0,0.0,57880.0,903332.0,912170.0
2013-06-06 11:00:00,835856.0,0.0,11534.0,230.68,-230.66592780000008,-230.66592780000008,970050.0,100302.0,1.0,0.0,88768.0,869748.0,881282.0
2013-06-06 11:15:00,845984.0,0.0,15822.0,316.44,-316.4245708000002,-316.4245708000002,970050.0,86569.0,1.0,0.0,70747.0,883481.0,899303.0
2013-06-06 11:30:00,826955.0,0.0,19680.0,393.6,-393.5802737999999,-393.5802737999999,970050.0,108775.0,1.0,0.0,89095.0,861275.0,880955.0
2013-06-06 11:45:00,828348.0,0.0,24164.0,483.28,-483.2639168000002,-483.2639168000002,970050.0,108145.0,1.0,0.0,83981.0,861905.0,886069.0
2013-06-06 12:00:00,827958.0,0.0,28403.0,568.06,-568.0420797999999,-568.0420797999999,970050.0,102673.0,1.0,0.0,74270.0,867377.0,895780.0
2013-06-06 12:15:00,828385.0,0.0,32235.0,644.7,-644.6850783,-644.6850783,970050.0,108009.0,1.0,0.0,75774.0,862041.0,894276.0
2013-06-06 12:30:00,818419.0,0.0,36576.0,731.52,-731.5013368000001,-731.5013368000001,970050.0,121819.0,1.0,0.0,85243.0,848231.0,884807.0
2013-06-06 12:45:00,810423.0,0.0,40917.0,818.34,-818.3226152999997,-818.3226152999997,970050.0,129885.0,1.0,0.0,88968.0,840165.0,881082.0
2013-06-06 13:00:00,811132.0,0.0,45162.0,903.24,-903.2217738,-903.2217738,970050.0,126504.0,1.0,0.0,81342.0,843546.0,888708.0
2013-06-06 13:15:00,833335.0,0.0,48435.0,968.7,-968.6892195,-968.6892195,970050.0,100928.0,1.0,0.0,52493.0,869122.0,917557.0
2013-06-06 13:30:00,824655.0,0.0,51492.0,1029.84,-1029.8343052,-1029.8343052,970050.0,110967.0,1.0,0.0,59475.0,859083.0,910575.0
2013-06-06 13:45:00,823321.0,0.0,55040.0,1100.8,-1100.7969508999997,-1100.7969508999997,970050.0,115947.0,1.0,0.0,60907.0,854103.0,909143.0
2013-06-06 14:00:00,784096.0,0.0,58081.0,1161.62,-1161.6056365999998,-1161.6056365999998,970050.0,159268.0,1.0,0.0,101187.0,810782.0,868863.0
2013-06-06 14:15:00,777137.0,0.0,59751.0,1195.02,-1195.00463315,-1195.00463315,970050.0,164603.0,1.0,0.0,104852.0,805447.0,865198.0
2013-06-06 14:30:00,761570.0,0.0,61271.0,1225.42,-1225.4016297,-1225.4016297,970050.0,183847.0,1.0,0.0,122576.0,786203.0,847474.0
2013-06-06 14:45:00,760542.0,0.0,63067.0,1261.34,-1261.3214662499995,-1261.3214662499995,970050.0,177464.0,1.0,0.0,114397.0,792586.0,855653.0
2013-06-06 15:00:00,728825.0,0.0,64999.0,1299.98,-1299.9664827999998,-1299.9664827999998,970050.0,198588.0,1.0,0.0,133589.0,771462.0,836461.0
2013-06-06 15:15:00,673172.0,0.0,65447.0,1308.94,-1308.93722755,-1308.93722755,970050.0,179404.0,1.0,0.0,113957.0,790646.0,856093.0
2013-06-06 15:30:00,588290.0,0.0,66114.0,1322.28,-1322.2657523,-1322.2657523,970050.0,196615.0,1.0,0.0,130501.0,773435.0,839549.0
2013-06-06 15:45:00,531733.0,0.0,67211.0,1344.22,-1344.2107770499995,-1344.2107770499995,970050.0,171392.0,1.0,0.0,104181.0,798658.0,865869.0
2013-06-06 16:00:00,451884.0,0.0,67865.0,1357.3,-1357.2938218000004,-1357.2938218000004,970050.0,183534.0,1.0,0.0,115669.0,786516.0,854381.0
2013-06-06 16:15:00,384337.0,0.0,67698.0,1353.96,-1353.9496559000004,-1353.9496559000004,970050.0,164454.0,1.0,0.0,96756.0,805596.0,873294.0
2013-06-06 16:30:00,309147.0,0.0,68084.0,1361.68,-1361.66923,-1361.66923,970050.0,171650.0,1.0,0.0,103566.0,798400.0,866484.0
2013-06-06 16:45:00,237216.0,0.0,68447.0,1368.94,-1368.9293641,-1368.9293641,970050.0,172995.0,1.0,0.0,104548.0,797055.0,865502.0
2013-06-06 17:00:00,156957.0,0.0,68657.0,1373.14,-1373.1297381999998,-1373.1297381999998,970050.0,208068.0,1.0,0.0,139411.0,761982.0,830639.0
2013-06-06 17:15:00,86471.0,0.0,68089.0,1361.78,-1361.76044965,-1361.76044965,970050.0,180416.0,1.0,0.0,112327.0,789634.0,857723.0
2013-06-06 17:30:00,16639.0,0.0,67763.0,1355.26,-1355.2469211000002,-1355.2469211000002,970050.0,232695.0,1.0,0.0,164932.0,737355.0,805118.0
2013-06-06 17:45:00,0.0,0.0,67412.0,1348.24,-1348.22687255,-1348.22687255,970050.0,238198.0,1.0,0.0,170786.0,731852.0,799264.0
2013-06-06 18:00:00,0.0,0.0,66818.0,1336.36,-1336.349664,-1336.349664,970050.0,241298.0,1.0,0.0,174480.0,728752.0,795570.0
2013-06-06 18:15:00,0.0,0.0,64097.0,1281.94,-1281.9231142499998,-1281.9231142499998,970050.0,236663.0,1.0,0.0,172566.0,733387.0,797484.0
2013-06-06 18:30:00,0.0,0.0,62514.0,1250.28,-1250.2734445,-1250.2734445,970050.0,200515.0,1.0,0.0,138001.0,769535.0,832049.0
2013-06-06 18:45:00,0.0,0.0,60364.0,1207.28,-1207.2656147500004,-1207.2656147500004,970050.0,185937.0,1.0,0.0,125573.0,784113.0,844477.0
2013-06-06 19:00:00,0.0,0.0,58773.0,1175.46,-1175.441505,-1175.441505,970050.0,196317.0,1.0,0.0,137544.0,773733.0,832506.0
2013-06-06 19:15:00,0.0,0.0,57627.0,1152.54,-1152.53811925,-1152.53811925,970050.0,178394.0,1.0,0.0,120767.0,791656.0,849283.0
2013-06-06 19:30:00,0.0,0.0,55856.0,1117.12,-1117.1181335000003,-1117.1181335000003,970050.0,177558.0,1.0,0.0,121702.0,792492.0,848348.0
2013-06-06 19:45:00,0.0,0.0,54544.0,1090.88,-1090.8631477499996,-1090.8631477499996,970050.0,157470.0,1.0,0.0,102926.0,812580.0,867124.0
2013-06-06 20:00:00,0.0,0.0,53456.0,1069.12,-1069.1095619999999,-1069.1095619999999,970050.0,124733.0,1.0,0.0,71277.0,845317.0,898773.0
2013-06-06 20:15:00,0.0,0.0,51323.0,1026.46,-1026.456236,-1026.456236,970050.0,125117.0,1.0,0.0,73794.0,844933.0,896256.0
2013-06-06 20:30:00,0.0,0.0,50246.0,1004.92,-1004.9088300000001,-1004.9088300000001,970050.0,146509.0,1.0,0.0,96263.0,823541.0,873787.0
2013-06-06 20:45:00,0.0,0.0,49251.0,985.02,-985.0034440000003,-985.0034440000003,970050.0,116752.0,1.0,0.0,67501.0,853298.0,902549.0
2013-06-06 21:00:00,0.0,0.0,47623.0,952.46,-952.448698,-952.448698,970050.0,117412.0,1.0,0.0,69789.0,852638.0,900261.0
2013-06-06 21:15:00,0.0,0.0,45753.0,915.06,-915.0592949000003,-915.0592949000003,970050.0,143377.0,1.0,0.0,97624.0,826673.0,872426.0
2013-06-06 21:30:00,0.0,0.0,44168.0,883.36,-883.3452917999997,-883.3452917999997,970050.0,153593.0,1.0,0.0,109425.0,816457.0,860625.0
2013-06-06 21:45:00,0.0,0.0,42379.0,847.58,-847.5786087000001,-847.5786087000001,970050.0,144484.0,1.0,0.0,102105.0,825566.0,867945.0
2013-06-06 22:00:00,0.0,0.0,40111.0,802.22,-802.2094056,-802.2094056,970050.0,103699.0,1.0,0.0,63588.0,866351.0,906462.0
2013-06-06 22:15:00,0.0,0.0,39365.0,787.3,-787.2809758999997,-787.2809758999997,970050.0,103784.0,1.0,0.0,64419.0,866266.0,905631.0
2013-06-06 22:30:00,0.0,0.0,38521.0,770.42,-770.4128062000003,-770.4128062000003,970050.0,125419.0,1.0,0.0,86898.0,844631.0,883152.0
2013-06-06 22:45:00,0.0,0.0,37688.0,753.76,-753.7426765,-753.7426765,970050.0,116867.0,1.0,0.0,79179.0,853183.0,890871.0
2013-06-06 23:00:00,0.0,0.0,37163.0,743.26,-743.2480468000001,-743.2480468000001,970050.0,96429.0,1.0,0.0,59266.0,873621.0,910784.0
2013-06-06 23:15:00,0.0,0.0,36511.0,730.22,-730.2110498,-730.2110498,970050.0,81885.0,1.0,0.0,45374.0,888165.0,924676.0
2013-06-06 23:30:00,0.0,0.0,36827.0,736.54,-736.5322527999997,-736.5322527999997,970050.0,94429.0,1.0,0.0,57602.0,875621.0,912448.0
2013-06-06 23:45:00,0.0,0.0,36707.0,734.14,-734.1290558,-734.1290558,970050.0,108399.0,1.0,0.0,71692.0,861651.0,898358.0
2013-06-07 00:00:00,0.0,0.0,36408.0,728.16,-728.1413588000003,-728.1413588000003,970050.0,36408.0,1.0,0.0,0.0,933642.0,970050.0
2013-06-07 00:15:00,0.0,0.0,36904.0,738.08,-738.0618522000003,-738.0618522000003,970050.0,36904.0,1.0,0.0,0.0,933146.0,970050.0
2013-06-07 00:30:00,0.0,0.0,37277.0,745.54,-745.5205256,-745.5205256,970050.0,37277.0,1.0,0.0,0.0,932773.0,970050.0
2013-06-07 00:45:00,0.0,0.0,37527.0,750.54,-750.5236590000003,-750.5236590000003,970050.0,37527.0,1.0,0.0,0.0,932523.0,970050.0
2013-06-07 01:00:00,0.0,0.0,37939.0,758.78,-758.7756923999997,-758.7756923999997,970050.0,44494.0,1.0,0.0,6555.0,925556.0,963495.0
2013-06-07 01:15:00,0.0,0.0,38425.0,768.5,-768.4959225499997,-768.4959225499997,970050.0,45931.0,1.0,0.0,7506.0,924119.0,962544.0
2013-06-07 01:30:00,0.0,0.0,39109.0,782.18,-782.1744527000003,-782.1744527000003,970050.0,53382.0,1.0,0.0,14273.0,916668.0,955777.0
2013-06-07 01:45:00,0.0,0.0,39535.0,790.7,-790.69280285,-790.69280285,970050.0,52199.0,1.0,0.0,12664.0,917851.0,957386.0
2013-06-07 02:00:00,0.0,0.0,40013.0,800.26,-800.250053,-800.250053,970050.0,48503.0,1.0,0.0,8490.0,921547.0,961560.0
2013-06-07 02:15:00,0.0,0.0,39850.0,797.0,-796.9944875,-796.9944875,970050.0,46937.0,1.0,0.0,7087.0,923113.0,962963.0
2013-06-07 02:30:00,0.0,0.0,39781.0,795.62,-795.617662,-795.617662,970050.0,62274.0,1.0,0.0,22493.0,907776.0,947557.0
2013-06-07 02:45:00,0.0,0.0,39758.0,795.16,-795.1506365,-795.1506365,970050.0,48096.0,1.0,0.0,8338.0,921954.0,961712.0
2013-06-07 03:00:00,0.0,0.0,39601.0,792.02,-792.016271,-792.016271,970050.0,41126.0,1.0,0.0,1525.0,928924.0,968525.0
2013-06-07 03:15:00,0.0,0.0,39320.0,786.4,-786.38206225,-786.38206225,970050.0,41792.0,1.0,0.0,2472.0,928258.0,967578.0
2013-06-07 03:30:00,0.0,0.0,38831.0,776.62,-776.6041534999997,-776.6041534999997,970050.0,41348.0,1.0,0.0,2517.0,928702.0,967533.0
2013-06-07 03:45:00,0.0,0.0,38637.0,772.74,-772.73912475,-772.73912475,970050.0,39635.0,1.0,0.0,998.0,930415.0,969052.0
2013-06-07 04:00:00,0.0,0.0,38214.0,764.28,-764.268296,-764.268296,970050.0,43711.0,1.0,0.0,5497.0,926339.0,964553.0
2013-06-07 04:15:00,0.0,0.0,37805.0,756.1,-756.0923107499997,-756.0923107499997,970050.0,62452.0,1.0,0.0,24647.0,907598.0,945403.0
2013-06-07 04:30:00,0.0,0.0,37248.0,744.96,-744.9451855000003,-744.9451855000003,970050.0,81628.0,1.0,0.0,44380.0,888422.0,925670.0
2013-06-07 04:45:00,0.0,0.0,36939.0,738.78,-738.77374025,-738.77374025,970050.0,82255.0,1.0,0.0,45316.0,887795.0,924734.0
2013-06-07 05:00:00,0.0,0.0,36880.0,737.6,-737.582635,-737.582635,970050.0,48203.0,1.0,0.0,11323.0,921847.0,958727.0
2013-06-07 05:15:00,0.0,0.0,37287.0,745.74,-745.7338309999999,-745.7338309999999,970050.0,61785.0,1.0,0.0,24498.0,908265.0,945552.0
2013-06-07 05:30:00,0.0,0.0,37186.0,743.72,-743.7139070000003,-743.7139070000003,970050.0,71815.0,1.0,0.0,34629.0,898235.0,935421.0
2013-06-07 05:45:00,0.0,0.0,37921.0,758.42,-758.412583,-758.412583,970050.0,65723.0,1.0,0.0,27802.0,904327.0,942248.0
2013-06-07 06:00:00,0.0,0.0,38590.0,771.8,-771.7898590000003,-771.7898590000003,970050.0,75048.0,1.0,0.0,36458.0,895002.0,933592.0
2013-06-07 06:15:00,0.0,0.0,39213.0,784.26,-784.2481733,-784.2481733,970050.0,72924.0,1.0,0.0,33711.0,897126.0,936339.0
2013-06-07 06:30:00,0.0,0.0,39847.0,796.94,-796.9288876,-796.9288876,970050.0,104956.0,1.0,0.0,65109.0,865094.0,904941.0
2013-06-07 06:45:00,0.0,0.0,40582.0,811.64,-811.6352019,-811.6352019,970050.0,104121.0,1.0,0.0,63539.0,865929.0,906511.0
2013-06-07 07:00:00,0.0,0.0,40785.0,815.7,-815.6899162000003,-815.6899162000003,970050.0,131841.0,1.0,0.0,91056.0,838209.0,878994.0
2013-06-07 07:15:00,0.0,0.0,42277.0,845.54,-845.5222219000003,-845.5222219000003,970050.0,147604.0,1.0,0.0,105327.0,822446.0,864723.0
2013-06-07 07:30:00,0.0,0.0,43100.0,862.0,-861.9947876,-861.9947876,970050.0,163660.0,1.0,0.0,120560.0,806390.0,849490.0
2013-06-07 07:45:00,0.0,0.0,44400.0,888.0,-876.5411132999999,-887.9911132999997,970050.0,175233.0,1.0,229.0,130604.0,794817.0,839446.0
2013-06-07 08:00:00,0.0,0.0,44370.0,887.4,-887.3847389999997,-887.3847389999997,970050.0,191186.0,1.0,0.0,146816.0,778864.0,823234.0
2013-06-07 08:15:00,0.0,0.0,45754.0,915.08,-915.0701518500003,-915.0701518500003,970050.0,187679.0,1.0,0.0,141925.0,782371.0,828125.0
2013-06-07 08:30:00,0.0,0.0,47955.0,959.1,-959.0990647,-959.0990647,970050.0,180622.0,1.0,0.0,132667.0,789428.0,837383.0
2013-06-07 08:45:00,0.0,0.0,48763.0,975.26,-975.25727755,-975.25727755,970050.0,148263.0,1.0,0.0,99500.0,821787.0,870550.0
